Date,home_team,away_team,total_runs,home_runs,away_runs,home_off_roll5,home_def_roll5,home_off_roll10,home_def_roll10,home_off_roll20,home_def_roll20,away_off_roll5,away_def_roll5,away_off_roll10,away_def_roll10,away_off_roll20,away_def_roll20
2026-04-22,ARI,CHW,18.0,11.0,7.0,5.0,5.8,5.1,5.0,4.35,4.95,6.6,4.8,4.6,4.1,4.0,4.65
2026-04-23,ARI,CHW,5.0,1.0,4.0,6.4,6.6,5.5,5.6,4.8,4.9,7.4,5.4,5.1,5.2,4.3,4.9
2026-04-25,ARI,SDP,10.0,4.0,6.0,5.4,6.8,5.1,5.6,4.65,4.85,4.0,3.6,4.3,3.7,4.7,3.8
2026-04-26,ARI,SDP,19.0,12.0,7.0,5.0,7.6,5.2,5.8,4.75,5.0,4.4,4.2,4.2,3.9,4.85,3.55
2026-05-05,ARI,PIT,9.0,9.0,0.0,3.2,6.2,4.6,6.8,4.85,5.9,7.2,4.6,5.2,4.9,5.2,4.35
2026-05-06,ARI,PIT,1.0,0.0,1.0,3.8,5.8,4.4,6.1,4.95,5.85,6.4,5.4,5.1,5.2,5.1,4.4
2026-05-07,ARI,PIT,6.0,2.0,4.0,3.6,3.4,4.3,5.8,4.7,5.7,5.6,3.4,4.6,5.2,5.05,4.4
2026-05-09,ARI,NYM,3.0,2.0,1.0,3.0,3.0,4.1,5.6,4.65,5.7,5.0,3.4,4.0,4.2,3.4,4.6
2026-05-10,ARI,NYM,6.0,5.0,1.0,3.4,2.8,3.1,5.0,4.55,5.6,4.4,3.2,4.0,4.1,3.45,4.65
2026-05-18,ARI,SFG,14.0,12.0,2.0,5.6,4.8,3.8,3.1,4.1,4.6,4.0,3.8,4.4,4.4,3.55,4.55
2026-05-19,ARI,SFG,8.0,5.0,3.0,7.2,3.8,5.0,3.2,4.65,4.5,4.4,5.4,4.5,5.1,3.65,5.0
2026-05-20,ARI,SFG,9.0,6.0,3.0,7.2,3.2,5.3,3.1,4.7,4.35,4.6,5.4,4.3,5.4,3.6,4.8
2026-05-21,ARI,COL,3.0,2.0,1.0,6.6,3.6,5.7,3.3,4.4,4.15,4.2,6.2,3.5,6.0,4.15,6.4
2026-05-22,ARI,COL,5.0,2.0,3.0,6.6,3.0,5.4,3.3,4.4,3.55,3.6,6.2,3.6,5.6,4.1,6.15
2026-05-23,ARI,COL,9.0,5.0,4.0,5.4,2.4,5.5,3.6,4.2,3.6,3.0,5.0,3.8,5.5,3.6,6.15
2026-05-24,ARI,COL,10.0,9.0,1.0,4.0,2.8,5.6,3.3,4.4,3.15,2.4,4.8,3.2,5.6,3.6,6.1
2026-06-01,ARI,LAD,5.0,4.0,1.0,5.2,3.0,4.6,2.9,4.8,3.05,7.0,2.8,6.1,2.6,5.65,2.9
2026-06-02,ARI,LAD,11.0,5.0,6.0,4.2,3.0,4.5,2.7,4.9,2.9,4.2,2.4,5.8,3.0,5.6,2.75
2026-06-03,ARI,LAD,7.0,0.0,7.0,4.0,3.8,4.4,3.0,5.05,3.15,4.6,3.2,6.3,3.0,5.75,2.55
2026-06-04,ARI,LAD,5.0,3.0,2.0,2.6,4.2,4.2,3.6,4.8,3.45,5.2,2.8,5.9,2.7,6.0,2.25
2026-06-05,ARI,WSN,15.0,1.0,14.0,2.6,4.2,4.3,3.5,4.9,3.55,4.0,4.8,4.5,4.0,4.85,4.4
2026-06-06,ARI,WSN,7.0,1.0,6.0,2.6,6.0,3.9,4.5,4.75,3.9,5.0,4.2,5.7,4.0,5.45,4.2
2026-06-07,ARI,WSN,6.0,5.0,1.0,2.0,7.0,3.1,5.0,4.55,3.9,5.4,4.0,5.3,3.9,5.25,4.05
2026-06-15,ARI,LAA,7.0,4.0,3.0,2.2,3.4,2.7,5.0,3.45,4.3,7.6,3.4,6.1,4.8,6.05,4.9
2026-06-16,ARI,LAA,7.0,0.0,7.0,3.0,2.4,2.8,5.1,3.55,4.3,5.6,3.2,5.6,4.3,5.9,4.4
2026-06-17,ARI,LAA,9.0,8.0,1.0,3.0,3.4,2.7,4.4,3.3,4.45,5.0,3.0,6.1,3.5,5.8,4.1
2026-06-19,ARI,MIN,14.0,9.0,5.0,3.6,3.2,3.4,3.9,3.25,4.45,7.2,4.0,6.0,5.9,5.35,6.1
2026-06-20,ARI,MIN,24.0,8.0,16.0,5.2,3.8,3.8,4.3,3.4,4.6,7.0,4.0,6.0,6.2,5.5,6.25
2026-06-21,ARI,MIN,6.0,2.0,4.0,5.8,6.4,4.0,4.9,3.45,5.15,9.2,4.8,7.2,6.0,6.05,6.35
2026-06-29,ARI,SFG,9.0,5.0,4.0,3.4,4.4,4.6,5.1,3.65,4.75,3.4,3.0,3.4,3.3,4.8,3.95
2026-06-30,ARI,SFG,10.0,8.0,2.0,3.6,4.6,4.3,5.4,3.85,4.65,3.8,3.8,3.1,3.3,4.95,4.2
2026-07-01,ARI,SFG,10.0,4.0,6.0,3.4,4.2,4.2,5.1,4.0,4.7,3.0,3.6,3.0,3.7,4.45,4.15
2026-04-29,ATH,KCR,7.0,5.0,2.0,4.4,2.6,4.6,4.7,4.15,4.2,6.0,4.8,4.7,5.5,3.9,4.6
2026-04-30,ATH,KCR,9.0,6.0,3.0,4.4,2.6,4.5,4.4,3.85,4.1,6.4,4.4,4.8,5.8,3.9,4.6
2026-05-01,ATH,CLE,13.0,5.0,8.0,4.8,2.2,4.5,3.8,4.15,3.7,2.0,2.8,3.6,4.0,4.2,4.25
2026-05-02,ATH,CLE,20.0,6.0,14.0,4.2,3.6,4.8,3.7,4.25,3.85,3.0,2.8,3.6,4.1,4.5,4.45
2026-05-03,ATH,CLE,8.0,7.0,1.0,4.8,5.6,5.0,4.4,4.4,4.45,5.4,3.2,4.8,3.8,4.7,4.65
2026-05-12,ATH,STL,10.0,4.0,6.0,5.2,2.8,5.1,4.9,4.8,4.65,3.6,2.8,4.4,3.1,4.85,3.9
2026-05-13,ATH,STL,8.0,6.0,2.0,5.4,2.8,4.9,5.2,4.7,4.5,3.6,3.0,4.5,3.1,4.7,3.9
2026-05-14,ATH,STL,9.0,4.0,5.0,4.2,3.0,5.0,4.6,4.9,4.15,3.6,3.0,3.7,3.2,4.45,3.95
2026-05-15,ATH,SFG,7.0,5.0,2.0,4.2,3.4,4.8,3.7,4.9,4.05,4.0,5.4,3.5,5.1,2.95,4.25
2026-05-16,ATH,SFG,10.0,4.0,6.0,4.0,3.4,4.6,3.8,4.85,3.95,3.8,3.8,3.6,5.1,3.05,4.35
2026-05-17,ATH,SFG,11.0,1.0,10.0,4.6,4.2,4.9,3.5,4.8,4.15,3.2,4.0,3.9,5.3,3.2,4.5
2026-05-25,ATH,SEA,11.0,2.0,9.0,4.6,3.8,4.3,4.4,4.6,4.8,2.8,3.8,3.5,4.0,3.95,3.9
2026-05-26,ATH,SEA,5.0,1.0,4.0,4.8,5.2,3.9,5.1,4.45,4.85,4.4,3.8,3.6,3.9,4.1,3.65
2026-05-27,ATH,SEA,10.0,1.0,9.0,2.2,4.8,3.6,5.0,4.2,4.35,4.2,3.2,4.0,3.8,4.25,3.5
2026-05-29,ATH,NYY,10.0,2.0,8.0,1.8,5.2,3.2,5.7,3.9,4.75,6.0,1.6,4.6,2.8,4.55,3.25
2026-05-30,ATH,NYY,10.0,6.0,4.0,2.2,6.4,3.0,5.9,3.95,4.7,7.2,1.2,5.1,2.4,4.35,3.3
2026-05-31,ATH,NYY,21.0,8.0,13.0,2.4,6.8,3.5,5.3,4.1,4.6,7.6,2.4,4.8,2.4,4.2,3.4
2026-06-09,ATH,MIL,12.0,7.0,5.0,3.2,5.2,3.4,6.4,3.65,5.75,7.2,4.2,6.4,3.3,5.3,3.2
2026-06-10,ATH,MIL,7.0,4.0,3.0,4.2,6.0,4.0,6.5,3.8,5.75,6.6,5.0,6.3,4.0,5.4,3.45
2026-06-12,ATH,COL,10.0,6.0,4.0,3.8,5.2,4.3,5.9,3.75,5.8,3.6,6.6,5.3,7.6,4.2,6.95
2026-06-13,ATH,COL,12.0,7.0,5.0,4.8,5.0,4.7,5.5,3.85,5.7,4.2,6.4,4.9,7.9,4.4,6.75
2026-06-14,ATH,COL,32.0,9.0,23.0,5.8,3.4,4.8,5.6,4.15,5.45,4.4,5.4,4.8,6.7,4.45,6.85
2026-06-15,ATH,PIT,13.0,11.0,2.0,6.6,8.0,4.9,6.6,4.55,6.5,4.6,6.0,3.9,5.8,5.35,5.6
2026-06-16,ATH,PIT,11.0,5.0,6.0,7.4,7.4,5.8,6.7,4.4,6.3,3.2,6.6,3.6,6.8,5.25,6.1
2026-06-17,ATH,PIT,16.0,4.0,12.0,7.6,8.0,5.7,6.6,4.5,6.25,3.2,6.0,3.9,6.7,5.45,6.3
2026-06-18,ATH,LAA,5.0,5.0,0.0,7.2,9.6,6.0,7.3,4.7,6.75,4.4,4.0,5.1,3.9,5.6,4.4
2026-06-20,ATH,LAA,7.0,0.0,7.0,6.8,8.6,6.3,6.0,4.7,6.65,2.8,5.0,5.1,4.3,5.5,4.6
2026-06-21,ATH,LAA,16.0,7.0,9.0,5.0,5.4,5.8,6.7,4.6,6.55,3.6,3.4,5.6,3.4,5.35,4.3
2026-06-29,ATH,LAD,13.0,4.0,9.0,4.4,4.0,3.9,5.1,4.8,5.85,7.2,3.6,5.2,4.3,5.6,4.7
2026-06-30,ATH,LAD,12.0,3.0,9.0,5.0,5.4,3.9,4.8,4.95,6.05,6.6,3.8,5.6,4.3,5.6,4.8
2026-07-01,ATH,LAD,8.0,7.0,1.0,3.8,6.0,3.7,5.7,5.0,5.85,7.6,3.8,5.9,4.1,5.8,4.3
2026-04-24,ATL,PHI,8.0,5.0,3.0,6.4,5.0,6.0,4.4,6.3,3.55,2.0,5.2,3.2,6.7,3.2,5.55
2026-04-26,ATL,PHI,8.0,6.0,2.0,6.6,5.2,6.1,3.7,6.3,3.65,2.4,5.6,3.2,6.8,3.25,5.15
2026-04-28,ATL,DET,7.0,5.0,2.0,6.0,4.8,6.1,3.4,5.75,3.65,5.6,5.4,5.8,5.9,4.65,4.55
2026-04-29,ATL,DET,7.0,4.0,3.0,6.2,3.0,6.0,3.3,5.9,3.75,5.0,6.0,5.0,5.5,4.6,4.55
2026-04-30,ATL,DET,7.0,2.0,5.0,5.4,2.4,5.5,3.6,6.05,3.8,4.6,6.0,4.9,5.8,4.6,4.4
2026-05-12,ATL,CHC,7.0,5.0,2.0,3.8,2.4,5.3,3.5,5.4,3.55,4.0,3.4,4.9,3.3,5.6,3.95
2026-05-13,ATL,CHC,5.0,4.0,1.0,4.2,2.4,5.6,3.2,5.5,3.6,3.4,3.6,4.3,3.5,5.15,4.1
2026-05-14,ATL,CHC,2.0,0.0,2.0,4.8,2.0,5.2,2.7,5.5,3.55,2.0,3.8,3.9,3.5,4.6,4.1
2026-05-16,ATL,BOS,5.0,2.0,3.0,4.6,1.8,4.3,2.8,5.05,3.45,1.6,2.0,3.4,3.1,3.55,3.45
2026-05-17,ATL,BOS,9.0,8.0,1.0,3.6,2.0,3.4,2.5,4.95,3.05,1.8,2.4,3.4,2.7,3.7,3.35
2026-05-23,ATL,WSN,2.0,0.0,2.0,6.8,4.2,5.2,3.1,5.1,3.35,6.8,4.4,5.7,5.6,5.45,5.1
2026-05-24,ATL,WSN,3.0,1.0,2.0,5.2,4.4,4.5,3.1,4.9,3.3,4.6,3.8,5.2,4.8,5.55,4.7
2026-06-02,ATL,TOR,7.0,4.0,3.0,5.4,4.2,5.3,3.5,4.75,3.35,4.0,4.4,4.2,3.9,4.2,3.55
2026-06-03,ATL,TOR,10.0,7.0,3.0,6.2,3.2,4.8,3.7,4.9,3.35,4.2,5.0,3.9,4.1,4.25,3.75
2026-06-04,ATL,TOR,9.0,2.0,7.0,5.6,3.4,4.6,3.7,4.9,3.4,4.4,6.2,3.7,4.6,3.7,4.05
2026-06-05,ATL,PIT,9.0,6.0,3.0,4.4,4.2,4.8,4.2,4.65,3.65,8.6,6.0,6.9,5.4,5.2,4.65
2026-06-06,ATL,PIT,9.0,6.0,3.0,4.6,4.4,5.3,4.3,4.7,3.7,7.2,5.4,7.0,5.9,5.2,4.9
2026-06-07,ATL,PIT,5.0,3.0,2.0,5.0,3.8,5.2,4.0,4.8,3.8,6.0,6.0,6.1,6.4,5.15,4.7
2026-06-16,ATL,SFG,9.0,2.0,7.0,2.6,4.0,3.8,3.9,4.55,3.7,4.2,5.6,5.8,5.2,5.95,6.15
2026-06-17,ATL,SFG,12.0,5.0,7.0,2.4,5.0,3.6,4.3,4.2,4.0,5.0,4.8,6.2,4.6,6.1,5.8
2026-06-19,ATL,MIL,5.0,3.0,2.0,3.2,6.0,3.4,4.7,4.0,4.2,5.0,3.6,5.8,3.4,5.45,3.4
2026-06-20,ATL,MIL,7.0,4.0,3.0,2.8,5.0,3.5,4.2,4.15,4.2,3.8,2.4,5.3,3.6,5.5,3.3
2026-06-21,ATL,MIL,13.0,4.0,9.0,3.0,5.4,3.3,4.2,4.3,4.25,3.6,3.2,4.4,3.6,5.4,3.45
2026-06-30,ATL,STL,8.0,3.0,5.0,1.4,3.0,2.5,4.3,3.15,4.1,2.0,4.6,3.7,6.1,4.75,4.9
2026-07-01,ATL,STL,6.0,5.0,1.0,2.0,3.8,2.6,4.1,3.1,4.2,2.4,4.4,4.1,5.8,4.7,4.8
2026-04-24,BAL,BOS,13.0,10.0,3.0,5.0,5.6,5.1,4.7,4.4,4.55,2.6,4.8,3.8,5.5,4.0,4.85
2026-04-25,BAL,BOS,18.0,1.0,17.0,5.8,5.4,5.5,4.8,4.8,4.45,2.8,5.6,3.2,6.2,4.05,4.9
2026-04-26,BAL,BOS,8.0,3.0,5.0,5.6,8.0,5.0,6.3,4.6,4.9,4.6,4.6,4.3,5.0,4.7,4.65
2026-04-28,BAL,HOU,8.0,5.0,3.0,5.4,7.4,4.4,6.1,4.35,5.0,4.2,6.4,4.4,5.4,4.55,6.15
2026-04-30,BAL,HOU,13.0,10.0,3.0,5.4,6.8,4.6,6.0,4.4,4.9,3.8,5.8,4.4,5.8,4.5,5.85
2026-04-30,BAL,HOU,13.0,10.0,3.0,5.4,6.8,4.6,6.0,4.4,4.9,4.0,7.8,4.5,6.5,4.1,6.35
2026-04-30,BAL,HOU,16.0,5.0,11.0,5.8,6.2,5.4,5.9,4.8,4.9,3.8,5.8,4.4,5.8,4.5,5.85
2026-04-30,BAL,HOU,16.0,5.0,11.0,5.8,6.2,5.4,5.9,4.8,4.9,4.0,7.8,4.5,6.5,4.1,6.35
2026-05-08,BAL,ATH,7.0,3.0,4.0,4.6,7.6,4.9,7.1,4.65,6.6,5.8,6.2,5.0,4.9,4.7,5.0
2026-05-09,BAL,ATH,8.0,2.0,6.0,4.6,6.2,4.7,7.2,4.65,6.6,5.4,4.0,5.1,4.8,4.85,4.75
2026-05-10,BAL,ATH,3.0,2.0,1.0,4.8,5.0,3.9,7.5,4.65,6.7,5.2,4.2,5.5,4.9,5.05,4.8
2026-05-11,BAL,NYY,5.0,3.0,2.0,3.4,3.8,3.6,6.5,4.45,6.55,4.0,4.4,5.9,3.5,6.1,3.0
2026-05-12,BAL,NYY,8.0,2.0,6.0,2.6,3.4,3.7,6.0,4.5,6.45,3.0,4.2,6.1,3.5,5.55,2.95
2026-05-13,BAL,NYY,7.0,7.0,0.0,2.4,3.8,3.5,5.7,4.4,6.35,4.0,3.4,6.0,3.5,5.5,3.05
2026-05-22,BAL,DET,11.0,7.0,4.0,4.0,8.2,3.6,5.3,3.75,6.4,2.0,4.2,2.6,5.2,3.35,4.6
2026-05-24,BAL,DET,8.0,5.0,3.0,4.8,6.4,4.1,5.6,3.85,6.05,2.2,5.2,2.7,5.5,3.15,4.8
2026-05-24,BAL,DET,8.0,5.0,3.0,4.8,6.4,4.1,5.6,3.85,6.05,2.6,5.4,2.9,5.5,3.2,4.8
2026-05-24,BAL,DET,5.0,1.0,4.0,4.4,6.4,4.3,5.7,4.0,5.85,2.2,5.2,2.7,5.5,3.15,4.8
2026-05-24,BAL,DET,5.0,1.0,4.0,4.4,6.4,4.3,5.7,4.0,5.85,2.6,5.4,2.9,5.5,3.2,4.8
2026-05-26,BAL,TBR,7.0,6.0,1.0,3.4,4.0,4.2,5.5,3.85,5.6,5.8,2.8,5.4,2.7,4.55,2.15
2026-05-27,BAL,TBR,13.0,11.0,2.0,4.4,3.4,4.1,5.6,4.0,5.1,2.8,2.8,5.5,3.1,4.4,2.35
2026-05-28,BAL,TOR,3.0,1.0,2.0,6.0,2.8,5.0,5.5,4.5,4.6,3.6,3.2,3.8,3.1,3.65,3.3
2026-05-29,BAL,TOR,11.0,5.0,6.0,4.8,2.4,4.8,4.4,4.1,4.35,3.0,3.0,3.4,2.5,3.6,3.15
2026-05-30,BAL,TOR,11.0,6.0,5.0,4.8,3.0,4.6,4.7,4.0,4.45,4.0,3.2,3.6,2.5,3.85,3.15
2026-05-31,BAL,TOR,14.0,9.0,5.0,5.8,3.2,4.6,3.6,4.15,4.5,4.6,2.8,3.9,3.0,3.95,3.25
2026-06-08,BAL,SEA,9.0,3.0,6.0,6.0,5.0,5.5,4.5,5.25,5.0,4.0,4.4,5.3,3.5,4.6,3.45
2026-06-10,BAL,SEA,9.0,7.0,2.0,6.4,4.6,5.7,4.9,5.25,4.65,3.6,4.4,5.3,3.0,4.4,3.5
2026-06-11,BAL,SEA,12.0,7.0,5.0,6.2,4.6,5.9,4.5,5.25,4.6,3.8,4.4,4.6,3.5,4.1,3.7
2026-06-12,BAL,SDP,10.0,7.0,3.0,5.0,5.0,6.0,4.5,5.3,4.05,3.4,4.0,3.1,4.5,2.85,3.85
2026-06-13,BAL,SDP,12.0,3.0,9.0,5.6,4.4,5.8,4.3,5.6,4.0,4.0,4.4,3.0,4.3,2.95,4.2
2026-06-14,BAL,SDP,7.0,2.0,5.0,5.4,5.0,5.7,5.0,5.6,4.2,5.2,4.6,3.7,4.2,3.2,4.1
2026-06-26,BAL,WSN,4.0,3.0,1.0,5.4,3.0,3.8,3.8,4.8,4.05,5.0,6.8,4.6,5.5,5.4,4.85
2026-06-28,BAL,WSN,10.0,4.0,6.0,5.0,2.0,3.8,3.0,4.75,4.0,4.6,6.6,4.0,5.5,5.4,4.8
2026-06-29,BAL,CHW,10.0,2.0,8.0,5.2,2.8,4.0,3.1,4.9,3.9,7.2,2.6,5.2,4.4,5.2,4.65
2026-06-30,BAL,CHW,12.0,3.0,9.0,3.2,4.2,4.1,3.6,4.6,4.2,7.6,2.0,5.8,3.4,5.3,4.3
2026-07-01,BAL,CHW,7.0,6.0,1.0,2.6,5.8,3.9,4.2,4.1,4.5,9.0,2.4,6.2,2.7,5.55,4.15
2026-04-21,BOS,NYY,4.0,0.0,4.0,4.0,5.4,4.9,4.7,4.15,4.8,6.6,4.2,5.2,4.9,4.95,3.85
2026-04-22,BOS,NYY,5.0,1.0,4.0,4.0,5.0,4.4,5.1,4.0,5.0,6.4,3.4,5.6,4.8,5.0,3.85
2026-04-23,BOS,NYY,6.0,2.0,4.0,2.4,4.8,4.3,5.2,3.95,5.05,6.4,1.4,5.7,4.4,5.05,3.85
2026-05-01,BOS,HOU,4.0,3.0,1.0,5.6,3.0,4.2,4.3,4.3,4.3,5.4,6.4,5.2,6.1,4.3,6.15
2026-05-02,BOS,HOU,9.0,3.0,6.0,2.8,3.0,3.7,3.8,4.3,4.25,5.0,5.4,4.8,5.7,4.3,6.05
2026-05-07,BOS,TBR,12.0,4.0,8.0,5.0,2.8,5.3,2.9,4.25,4.55,4.0,1.0,3.5,1.3,4.2,3.0
2026-05-08,BOS,TBR,2.0,2.0,0.0,5.2,4.2,4.0,3.6,4.15,4.3,5.0,1.8,3.7,1.6,4.35,3.0
2026-05-10,BOS,TBR,5.0,1.0,4.0,5.0,3.0,3.7,3.3,4.25,4.0,4.0,2.0,3.3,1.6,3.95,2.85
2026-05-12,BOS,PHI,3.0,1.0,2.0,4.2,3.0,3.3,3.7,3.85,3.95,6.2,3.8,4.8,3.2,3.6,4.45
2026-05-13,BOS,PHI,4.0,3.0,1.0,2.4,2.8,3.4,3.6,3.85,3.85,4.8,3.8,4.7,3.1,3.6,3.95
2026-05-14,BOS,PHI,4.0,1.0,3.0,2.2,3.0,3.6,2.9,3.9,3.6,3.8,3.8,4.2,2.9,3.65,3.65
2026-05-22,BOS,MIN,14.0,6.0,8.0,3.6,3.0,2.6,2.5,3.3,3.05,3.4,2.4,4.1,2.9,4.25,4.7
2026-05-23,BOS,MIN,6.0,2.0,4.0,4.2,4.2,3.0,3.3,3.35,3.3,4.8,3.2,4.4,3.1,4.6,4.65
2026-05-24,BOS,MIN,11.0,5.0,6.0,4.4,3.4,3.1,3.3,3.2,3.5,4.6,2.8,4.5,3.3,4.65,4.5
2026-05-26,BOS,ATL,13.0,6.0,7.0,4.8,4.4,3.5,3.7,3.45,3.65,5.4,2.4,4.1,3.1,4.85,3.15
2026-05-27,BOS,ATL,8.0,8.0,0.0,4.6,5.6,3.8,4.3,3.7,3.6,5.2,2.8,4.4,3.6,4.8,3.15
2026-05-28,BOS,ATL,12.0,2.0,10.0,5.4,5.0,4.5,4.0,3.95,3.55,3.4,4.2,4.4,4.2,4.35,3.5
2026-06-02,BOS,BAL,6.0,2.0,4.0,6.2,3.8,5.4,4.7,4.0,3.85,6.4,4.0,5.4,3.7,4.45,4.55
2026-06-03,BOS,BAL,9.0,8.0,1.0,5.0,4.6,5.2,4.8,3.9,3.65,5.0,4.0,5.5,3.4,4.55,4.35
2026-06-04,BOS,BAL,10.0,2.0,8.0,6.2,2.8,5.4,4.1,4.2,3.7,5.0,5.2,4.9,3.8,4.5,4.7
2026-06-12,BOS,TEX,11.0,10.0,1.0,3.0,4.6,4.5,4.1,4.55,4.25,4.0,3.0,4.5,3.4,4.6,4.0
2026-06-13,BOS,TEX,9.0,6.0,3.0,4.0,4.2,4.6,4.1,4.9,4.25,3.6,4.6,3.9,3.8,4.15,4.5
2026-06-14,BOS,TEX,10.0,4.0,6.0,5.0,3.6,4.3,4.0,4.85,4.35,4.2,4.6,3.6,4.1,4.05,4.6
2026-06-16,BOS,TOR,7.0,1.0,6.0,5.6,4.2,4.5,4.2,4.85,4.5,3.8,5.0,4.3,5.3,4.0,4.95
2026-06-17,BOS,TOR,3.0,0.0,3.0,5.2,4.6,3.8,4.7,4.6,4.4,4.4,4.8,4.2,5.2,4.25,4.8
2026-06-18,BOS,TOR,7.0,3.0,4.0,4.2,3.8,3.6,4.2,4.5,4.35,4.2,3.4,4.2,3.9,4.3,4.4
2026-06-25,BOS,NYY,9.0,6.0,3.0,3.8,3.4,3.3,3.8,3.8,3.9,2.8,4.8,5.0,3.9,5.05,4.15
2026-06-26,BOS,NYY,7.0,6.0,1.0,4.0,3.8,3.5,3.5,4.0,3.85,3.0,4.0,4.5,4.2,4.55,4.05
2026-06-27,BOS,NYY,5.0,4.0,1.0,5.0,3.4,4.0,3.0,3.9,3.85,3.0,4.4,3.4,4.6,4.4,3.9
2026-06-29,BOS,WSN,9.0,6.0,3.0,5.4,3.0,4.4,2.8,4.0,3.5,5.0,7.2,4.0,5.5,5.0,4.95
2026-06-30,BOS,WSN,9.0,1.0,8.0,5.6,3.2,4.7,2.7,4.05,3.5,3.8,5.6,4.1,5.5,4.85,5.2
2026-07-01,BOS,WSN,12.0,2.0,10.0,4.6,3.2,4.2,3.3,4.05,3.6,4.6,4.8,4.7,5.1,5.2,5.0
2026-04-21,CHC,PHI,11.0,7.0,4.0,8.4,2.6,7.1,3.8,5.6,3.9,1.2,6.4,3.4,6.1,3.3,5.4
2026-04-22,CHC,PHI,9.0,7.0,2.0,7.8,2.6,6.9,4.0,5.75,3.6,1.6,5.6,3.4,6.3,3.25,5.6
2026-05-01,CHC,ARI,11.0,6.0,5.0,4.8,6.8,5.3,4.7,6.2,4.7,5.0,8.2,5.2,7.5,4.85,5.35
2026-05-02,CHC,ARI,2.0,2.0,0.0,5.2,5.4,5.5,5.0,6.25,4.65,5.2,8.2,5.1,7.9,5.1,5.55
2026-05-03,CHC,ARI,12.0,8.0,4.0,5.6,4.2,5.2,4.9,6.15,4.35,2.8,7.2,4.7,7.1,5.0,5.6
2026-05-04,CHC,CIN,9.0,5.0,4.0,5.8,3.2,5.3,4.9,6.1,4.45,3.2,8.8,4.5,7.0,4.75,5.55
2026-05-07,CHC,CIN,11.0,8.0,3.0,5.2,3.4,5.1,5.1,6.05,4.55,3.6,7.2,4.8,6.9,4.85,5.3
2026-05-18,CHC,MIL,12.0,3.0,9.0,3.6,4.4,3.8,3.9,4.55,4.4,3.4,2.4,4.2,2.7,4.65,2.85
2026-05-19,CHC,MIL,7.0,2.0,5.0,3.8,5.2,3.6,4.4,4.35,4.75,5.0,2.4,4.8,2.4,5.0,2.75
2026-05-20,CHC,MIL,5.0,0.0,5.0,4.0,5.4,3.0,4.6,4.15,4.8,4.6,2.6,4.7,2.4,5.05,2.6
2026-05-22,CHC,HOU,6.0,2.0,4.0,3.6,6.4,2.3,5.0,3.95,4.45,2.0,4.0,1.8,4.6,3.0,4.8
2026-05-23,CHC,HOU,3.0,0.0,3.0,2.0,6.2,2.5,4.8,4.05,4.35,2.0,4.2,2.2,4.3,3.05,4.65
2026-05-24,CHC,HOU,13.0,5.0,8.0,1.4,5.2,2.5,4.8,3.7,4.05,2.6,2.6,2.4,4.0,3.05,4.15
2026-06-02,CHC,ATH,3.0,1.0,2.0,5.8,3.6,3.8,4.7,3.05,4.85,3.6,7.6,4.2,6.4,3.9,5.2
2026-06-04,CHC,ATH,13.0,7.0,6.0,4.0,3.2,3.7,4.5,3.1,4.65,3.8,7.0,3.0,5.9,3.8,5.1
2026-06-05,CHC,SFG,21.0,3.0,18.0,4.0,4.0,4.4,4.8,3.45,4.8,7.4,7.8,5.5,7.1,5.25,6.3
2026-06-15,CHC,COL,9.0,5.0,4.0,4.6,2.6,3.8,5.1,3.75,4.9,7.6,6.6,6.2,6.8,5.55,7.2
2026-06-16,CHC,COL,7.0,2.0,5.0,5.2,2.8,4.2,5.0,4.0,4.85,7.8,7.2,5.8,7.1,5.6,7.35
2026-06-17,CHC,COL,14.0,8.0,6.0,3.8,3.2,4.3,5.3,4.0,4.9,8.2,5.8,5.9,6.2,5.65,7.2
2026-06-19,CHC,TOR,18.0,16.0,2.0,4.4,4.2,4.4,5.3,4.4,5.05,3.4,3.0,4.0,3.8,4.1,4.5
2026-06-20,CHC,TOR,14.0,6.0,8.0,6.4,4.4,5.7,3.7,4.95,4.75,3.6,5.6,3.6,5.0,4.1,5.25
2026-06-29,CHC,SDP,5.0,3.0,2.0,7.8,4.4,7.6,4.7,5.7,4.9,3.6,4.4,3.6,4.2,3.8,4.15
2026-06-30,CHC,SDP,16.0,9.0,7.0,6.6,3.6,7.4,4.5,5.8,4.75,3.8,5.0,3.8,4.2,3.8,4.15
2026-07-01,CHC,SDP,26.0,23.0,3.0,6.4,4.4,8.1,4.7,6.2,5.0,4.2,6.4,4.3,4.8,3.95,4.3
2026-04-24,CHW,WSN,9.0,5.0,4.0,7.6,4.6,5.5,5.1,4.15,4.5,5.2,5.6,4.9,6.6,5.35,6.05
2026-04-27,CHW,LAA,15.0,8.0,7.0,6.8,5.0,6.0,5.3,3.95,4.5,3.0,6.0,4.0,4.5,4.6,4.75
2026-04-28,CHW,LAA,7.0,5.0,2.0,7.0,5.6,6.2,5.5,4.25,4.4,4.0,6.6,4.3,4.8,4.85,4.85
2026-05-08,CHW,SEA,20.0,8.0,12.0,3.6,3.2,4.8,3.2,4.95,4.2,3.4,3.8,4.7,4.5,4.1,4.4
2026-05-09,CHW,SEA,7.0,6.0,1.0,4.4,5.6,5.2,4.3,5.35,4.7,4.6,4.0,4.8,4.4,4.65,4.6
2026-05-10,CHW,SEA,3.0,2.0,1.0,5.0,5.0,5.3,4.0,5.65,4.65,4.6,4.4,4.6,4.8,4.4,4.55
2026-05-12,CHW,KCR,11.0,6.0,5.0,4.2,5.2,4.7,3.4,5.45,4.45,3.6,4.2,4.3,3.9,4.55,4.85
2026-05-13,CHW,KCR,11.0,6.0,5.0,4.8,5.4,4.8,3.7,5.5,4.3,4.4,4.8,4.5,3.9,4.75,5.05
2026-05-14,CHW,KCR,8.0,6.0,2.0,5.6,4.8,4.6,4.0,5.65,4.15,4.4,4.4,4.3,3.9,4.55,4.85
2026-05-15,CHW,CHC,15.0,5.0,10.0,5.2,2.8,4.8,4.2,5.8,4.0,1.0,3.6,3.5,3.0,4.5,4.0
2026-05-16,CHW,CHC,11.0,8.0,3.0,5.0,4.6,5.0,4.8,5.6,4.4,3.0,3.4,4.3,3.5,4.75,4.2
2026-05-25,CHW,MIN,4.0,3.0,1.0,4.6,5.6,4.9,5.4,4.85,4.55,4.6,3.2,4.6,2.9,4.6,4.7
2026-05-27,CHW,MIN,17.0,15.0,2.0,4.8,5.6,4.6,5.0,4.6,4.5,4.6,3.4,3.8,3.1,4.5,4.5
2026-05-28,CHW,MIN,8.0,6.0,2.0,7.0,5.0,5.5,5.0,5.15,4.6,4.2,6.2,3.8,4.3,4.4,4.7
2026-05-30,CHW,DET,8.0,7.0,1.0,6.4,4.6,5.6,4.2,5.3,4.5,3.6,4.6,2.9,4.9,3.1,5.1
2026-05-31,CHW,DET,3.0,2.0,1.0,7.2,2.8,5.5,4.0,5.35,4.55,3.2,5.0,2.9,5.2,2.8,5.4
2026-06-10,CHW,ATL,3.0,2.0,1.0,5.8,5.2,6.5,4.1,5.55,4.55,4.8,3.6,5.5,3.4,4.95,3.8
2026-06-12,CHW,LAD,10.0,8.0,2.0,5.4,4.2,5.2,4.0,5.35,4.5,8.4,6.6,5.9,4.5,6.0,3.55
2026-06-13,CHW,LAD,8.0,1.0,7.0,5.4,4.6,5.4,4.0,5.5,4.1,7.0,7.8,6.0,4.9,5.9,3.95
2026-06-14,CHW,LAD,10.0,6.0,4.0,4.4,4.4,4.8,4.6,5.15,4.3,7.4,5.4,6.1,4.5,6.2,3.75
2026-06-22,CHW,CLE,11.0,6.0,5.0,3.2,6.2,3.8,5.4,5.05,4.35,4.0,4.6,3.3,3.9,3.4,4.25
2026-06-23,CHW,CLE,3.0,2.0,1.0,4.0,4.8,3.9,5.0,5.2,4.55,4.2,4.0,3.6,4.2,3.5,4.45
2026-06-26,CHW,KCR,23.0,22.0,1.0,3.4,3.0,3.9,5.0,4.55,4.5,5.8,7.2,6.2,6.2,5.65,5.35
2026-06-27,CHW,KCR,3.0,2.0,1.0,6.8,3.0,5.3,4.9,5.35,4.45,4.0,9.2,6.0,7.7,5.45,6.35
2026-06-28,CHW,KCR,9.0,4.0,5.0,6.6,2.4,5.4,4.3,5.1,4.45,3.8,9.4,5.7,7.3,5.1,6.15
2026-04-24,CIN,DET,17.0,9.0,8.0,5.2,3.6,4.9,3.7,3.75,4.1,5.2,5.6,5.2,4.2,4.5,3.85
2026-04-25,CIN,DET,11.0,9.0,2.0,6.6,5.0,5.1,4.2,4.1,4.5,5.6,7.0,5.2,4.9,4.9,4.25
2026-04-26,CIN,DET,11.0,3.0,8.0,7.4,4.6,5.4,3.5,4.4,4.2,4.8,7.2,5.2,5.7,4.8,4.7
2026-04-28,CIN,COL,9.0,7.0,2.0,6.8,6.0,5.5,4.2,4.4,4.2,5.2,3.4,4.3,4.6,4.45,4.45
2026-04-29,CIN,COL,15.0,2.0,13.0,5.8,5.2,5.4,4.1,4.5,4.15,4.0,4.2,4.4,4.6,4.35,4.75
2026-04-30,CIN,COL,10.0,6.0,4.0,6.0,6.6,5.6,5.1,4.5,4.8,5.0,2.6,5.3,4.5,4.55,4.5
2026-05-08,CIN,HOU,10.0,0.0,10.0,3.0,8.0,4.2,6.9,4.65,5.55,2.8,5.4,4.1,5.9,4.2,5.65
2026-05-09,CIN,HOU,4.0,3.0,1.0,2.8,8.2,3.3,7.7,4.35,5.6,4.6,4.8,4.8,5.1,4.6,5.35
2026-05-10,CIN,HOU,5.0,5.0,0.0,2.0,5.0,3.3,7.0,4.4,5.6,3.6,4.8,4.2,5.0,4.3,5.2
2026-05-12,CIN,WSN,14.0,4.0,10.0,3.0,4.8,3.1,6.8,4.25,5.45,6.8,4.4,4.7,4.9,4.8,5.2
2026-05-14,CIN,WSN,16.0,15.0,1.0,3.0,5.8,3.3,6.5,4.45,5.8,5.8,4.8,5.2,4.9,5.3,5.3
2026-05-23,CIN,STL,9.0,1.0,8.0,4.8,5.4,5.8,4.5,4.55,6.1,2.2,4.2,2.9,3.6,4.0,3.7
2026-05-29,CIN,ATL,11.0,3.0,8.0,5.2,4.0,4.8,4.9,4.5,5.55,3.6,4.0,5.2,4.1,4.3,3.3
2026-05-30,CIN,ATL,7.0,2.0,5.0,4.0,4.8,4.4,5.1,4.6,5.5,5.2,4.2,5.2,4.3,4.5,3.2
2026-05-31,CIN,ATL,10.0,6.0,4.0,4.2,4.2,4.2,4.9,4.35,4.9,6.0,4.2,5.7,3.3,4.6,3.2
2026-06-01,CIN,KCR,11.0,2.0,9.0,4.0,4.6,4.5,4.3,4.65,5.05,2.2,8.8,3.0,6.0,3.0,5.1
2026-06-03,CIN,KCR,7.0,2.0,5.0,3.0,6.0,4.3,4.7,4.55,5.25,3.8,6.2,3.6,5.8,3.25,5.05
2026-06-12,CIN,ARI,7.0,2.0,5.0,3.4,6.4,3.2,6.3,4.0,5.6,2.4,5.4,2.5,5.7,3.55,4.3
2026-06-13,CIN,ARI,3.0,2.0,1.0,3.2,5.4,3.1,6.0,3.75,5.55,3.2,4.6,2.6,5.8,3.55,4.25
2026-06-14,CIN,ARI,8.0,3.0,5.0,2.6,4.4,3.1,5.6,3.65,5.25,2.4,4.8,2.2,5.4,3.3,4.2
2026-06-15,CIN,NYM,12.0,12.0,0.0,2.6,4.4,2.8,5.7,3.65,5.0,4.6,4.4,4.4,3.6,3.75,3.65
2026-06-16,CIN,NYM,8.0,5.0,3.0,4.6,3.2,3.8,4.8,4.05,4.75,4.2,5.0,3.7,4.7,3.65,4.2
2026-06-17,CIN,NYM,10.0,1.0,9.0,4.8,2.8,4.1,4.6,4.1,4.85,3.8,5.2,3.5,5.2,3.75,4.35
2026-06-23,CIN,MIL,2.0,0.0,2.0,4.0,4.0,4.3,3.6,3.65,4.9,5.0,3.8,4.8,3.3,5.55,3.65
2026-06-24,CIN,MIL,11.0,5.0,6.0,3.0,3.8,3.9,3.3,3.55,4.8,3.6,3.0,4.7,2.9,5.55,3.6
2026-04-19,CLE,BAL,12.0,8.0,4.0,4.8,3.6,4.8,4.5,3.8,4.0,4.4,4.6,4.6,3.8,4.1,4.1
2026-04-20,CLE,HOU,11.0,2.0,9.0,4.6,3.8,5.4,4.8,3.9,4.0,4.2,5.2,3.8,6.4,5.3,5.9
2026-04-21,CLE,HOU,13.0,8.0,5.0,4.4,4.6,4.6,5.5,3.95,4.2,4.6,4.4,4.6,5.7,5.65,5.7
2026-04-22,CLE,HOU,2.0,0.0,2.0,5.2,5.2,4.9,4.9,4.35,4.05,5.0,5.8,4.5,5.6,5.35,5.65
2026-04-27,CLE,TBR,5.0,2.0,3.0,4.2,4.4,4.3,4.5,4.35,4.5,5.6,3.6,4.6,4.1,4.45,4.85
2026-04-28,CLE,TBR,1.0,0.0,1.0,3.0,4.0,4.1,4.6,4.45,4.6,5.0,1.6,4.1,4.0,4.5,4.65
2026-04-29,CLE,TBR,4.0,3.0,1.0,3.0,3.8,3.7,4.1,4.15,4.4,4.0,1.4,3.7,3.7,4.45,4.25
2026-05-08,CLE,MIN,10.0,6.0,4.0,3.4,4.8,4.4,4.0,4.35,4.25,5.2,7.8,5.1,6.3,4.35,5.55
2026-05-10,CLE,MIN,9.0,4.0,5.0,4.4,4.2,4.8,4.1,4.45,4.35,5.2,6.8,4.4,6.5,4.25,5.85
2026-05-11,CLE,LAA,9.0,7.0,2.0,4.8,4.0,5.2,4.5,4.45,4.3,3.8,4.4,3.2,5.0,3.6,4.75
2026-05-12,CLE,LAA,5.0,3.0,2.0,5.6,3.4,5.6,4.6,4.6,4.3,3.4,5.2,2.7,4.9,3.5,4.85
2026-05-13,CLE,LAA,6.0,4.0,2.0,5.6,3.6,5.1,4.3,4.35,4.2,2.2,5.4,2.7,4.7,3.05,4.8
2026-05-15,CLE,CIN,13.0,6.0,7.0,4.8,3.0,4.1,3.9,4.45,3.85,5.4,4.4,4.2,6.2,5.1,5.8
2026-05-16,CLE,CIN,11.0,7.0,4.0,4.8,3.6,4.6,3.9,4.35,3.95,6.8,3.6,4.8,5.9,5.2,5.9
2026-05-17,CLE,CIN,13.0,10.0,3.0,5.4,3.4,5.1,3.7,4.7,4.05,7.0,4.8,4.5,4.9,5.1,6.2
2026-05-25,CLE,WSN,12.0,2.0,10.0,2.2,1.6,4.6,2.6,4.85,3.45,4.4,2.6,5.2,4.4,4.95,4.65
2026-05-26,CLE,WSN,9.0,3.0,6.0,1.8,3.0,4.4,3.4,4.25,3.65,4.6,1.8,5.2,4.2,5.2,4.55
2026-05-27,CLE,WSN,5.0,3.0,2.0,1.8,4.0,4.1,3.3,4.35,3.6,4.2,1.6,5.7,3.0,5.45,4.4
2026-05-29,CLE,BOS,7.0,4.0,3.0,2.2,4.4,3.7,3.1,4.4,3.4,4.6,5.4,4.4,4.8,3.9,3.75
2026-05-30,CLE,BOS,10.0,1.0,9.0,3.0,4.4,3.1,3.1,4.45,3.3,4.8,5.4,4.6,4.4,3.8,3.75
2026-05-31,CLE,BOS,13.0,4.0,9.0,2.6,6.0,2.4,3.8,4.35,3.7,5.6,4.4,5.2,4.4,3.75,3.65
2026-06-09,CLE,NYY,5.0,2.0,3.0,2.8,3.8,3.5,4.6,3.8,3.95,3.8,4.2,6.6,3.8,4.75,3.7
2026-06-10,CLE,NYY,12.0,4.0,8.0,2.2,3.6,3.4,4.7,3.55,3.9,3.6,2.8,5.4,3.9,4.9,3.45
2026-06-12,CLE,DET,5.0,3.0,2.0,2.8,4.8,3.4,5.2,3.25,4.15,6.0,3.6,6.3,3.4,4.6,4.3
2026-06-13,CLE,DET,4.0,3.0,1.0,3.0,4.6,3.6,4.5,3.0,4.15,6.4,3.4,6.4,3.5,4.6,4.05
2026-06-26,CLE,SEA,4.0,1.0,3.0,3.6,4.0,3.3,3.6,3.35,4.4,1.8,4.8,2.1,4.6,3.35,4.75
2026-06-27,CLE,SEA,7.0,4.0,3.0,3.2,2.8,3.1,3.7,3.35,4.1,2.2,4.0,2.3,3.7,3.1,4.65
2026-06-28,CLE,SEA,11.0,6.0,5.0,2.4,3.2,3.2,3.9,3.35,3.8,2.2,4.6,2.3,4.0,3.2,4.5
2026-06-29,CLE,TEX,9.0,3.0,6.0,3.4,3.8,3.7,4.2,3.2,3.85,4.6,3.8,4.7,4.7,4.05,4.9
2026-06-30,CLE,TEX,6.0,2.0,4.0,3.0,3.8,3.6,3.9,3.1,3.95,5.4,3.6,5.0,4.1,4.2,4.95
2026-07-01,CLE,TEX,13.0,9.0,4.0,3.2,4.2,3.4,4.1,3.15,4.05,5.0,3.0,4.5,3.6,4.4,4.75
2026-04-20,COL,LAD,15.0,3.0,12.0,3.6,4.2,4.2,5.0,4.2,4.55,5.2,3.4,4.9,3.6,5.65,3.55
2026-04-21,COL,SDP,1.0,0.0,1.0,4.0,6.0,3.6,6.1,4.3,5.05,3.6,3.6,5.1,3.0,4.35,3.4
2026-04-22,COL,SDP,11.0,8.0,3.0,3.4,5.8,3.4,5.7,4.15,4.9,2.4,2.4,4.4,2.8,4.3,3.15
2026-04-23,COL,SDP,18.0,8.0,10.0,4.8,5.0,3.7,5.1,4.4,4.85,2.0,3.6,4.2,3.4,4.3,3.55
2026-05-01,COL,ATL,14.0,6.0,8.0,5.0,3.2,4.8,4.5,4.5,4.75,4.4,3.0,5.4,4.0,6.05,3.75
2026-05-02,COL,ATL,10.0,1.0,9.0,5.6,4.6,5.1,4.1,4.35,5.1,5.0,3.6,5.8,4.4,6.1,3.95
2026-05-03,COL,ATL,17.0,6.0,11.0,5.2,6.4,5.2,4.9,4.3,5.3,5.6,3.4,5.8,4.1,6.15,3.9
2026-05-04,COL,NYM,6.0,2.0,4.0,6.0,7.2,5.0,5.7,4.35,5.4,4.6,4.6,4.0,4.3,2.95,5.05
2026-05-06,COL,NYM,15.0,5.0,10.0,3.8,7.6,4.4,5.1,4.35,5.25,3.8,5.0,4.1,4.3,3.1,4.8
2026-05-07,COL,NYM,8.0,6.0,2.0,4.0,8.4,4.5,5.8,4.3,5.4,5.4,3.2,4.1,4.0,3.6,4.85
2026-05-15,COL,ARI,10.0,1.0,9.0,3.2,5.8,3.6,6.5,4.35,5.3,3.4,3.0,3.2,3.0,4.15,5.45
2026-05-16,COL,ARI,6.0,4.0,2.0,2.8,5.8,3.6,6.5,4.4,5.7,4.8,3.0,4.1,2.9,4.4,5.0
2026-05-17,COL,ARI,14.0,6.0,8.0,3.6,5.0,3.4,5.6,4.2,5.65,4.2,3.6,3.9,2.5,4.25,4.65
2026-05-18,COL,TEX,13.0,7.0,6.0,4.6,6.0,3.8,6.0,4.1,5.55,4.4,3.0,3.4,3.2,3.15,3.4
2026-05-19,COL,TEX,10.0,0.0,10.0,4.0,6.4,4.0,5.6,4.25,5.7,4.2,3.6,3.8,3.0,3.25,3.6
2026-05-20,COL,TEX,9.0,4.0,5.0,3.6,7.0,3.4,6.4,4.1,6.15,5.0,2.6,4.7,2.3,3.7,3.5
2026-05-29,COL,SFG,14.0,8.0,6.0,3.0,7.6,3.0,6.3,3.4,6.15,5.4,4.8,4.9,5.7,4.4,5.5
2026-05-30,COL,SFG,11.0,8.0,3.0,3.8,7.8,3.1,6.3,3.55,5.95,4.6,5.8,4.5,6.4,4.45,5.4
2026-05-31,COL,SFG,25.0,6.0,19.0,5.2,6.6,3.9,5.6,3.65,6.0,3.6,6.4,4.6,6.0,4.55,5.55
2026-06-06,COL,MIL,8.0,1.0,7.0,7.0,8.6,5.4,8.2,4.3,6.9,7.0,3.6,5.1,3.4,4.75,3.15
2026-06-07,COL,MIL,16.0,4.0,12.0,5.6,9.4,5.4,8.0,4.25,6.9,8.0,3.8,5.7,3.0,5.05,3.05
2026-06-09,COL,CHC,10.0,7.0,3.0,5.2,8.0,5.5,8.7,4.4,7.05,3.6,6.4,4.2,5.8,3.5,5.45
2026-06-10,COL,CHC,5.0,3.0,2.0,4.8,7.0,5.6,7.5,4.55,7.1,3.0,7.6,4.4,6.3,3.6,5.6
2026-06-11,COL,CHC,12.0,3.0,9.0,3.8,7.0,5.8,7.3,4.4,6.8,3.2,7.2,4.5,5.4,3.6,5.75
2026-06-19,COL,PIT,7.0,4.0,3.0,8.6,6.2,6.4,6.3,5.9,7.15,5.0,5.2,4.8,6.5,5.45,6.45
2026-06-20,COL,PIT,3.0,2.0,1.0,8.4,5.4,6.4,5.4,5.95,7.05,5.0,5.6,4.9,6.6,5.4,6.15
2026-06-21,COL,PIT,14.0,6.0,8.0,4.2,3.8,5.9,5.2,5.75,6.35,4.8,5.2,4.7,5.6,5.35,5.9
2026-06-22,COL,BOS,5.0,3.0,2.0,4.6,4.4,6.2,5.8,6.0,6.55,3.0,2.6,4.1,3.6,4.2,3.7
2026-06-23,COL,BOS,7.0,2.0,5.0,4.2,4.4,6.2,5.1,5.75,6.35,3.4,2.6,3.8,3.2,4.15,3.65
2026-06-24,COL,BOS,14.0,8.0,6.0,3.4,3.8,6.0,5.0,5.45,6.45,3.8,2.2,3.3,3.3,3.95,3.7
2026-06-29,COL,MIA,17.0,7.0,10.0,4.6,4.2,4.6,4.3,5.2,5.7,4.0,1.8,4.7,2.4,4.55,2.85
2026-06-30,COL,MIA,17.0,3.0,14.0,5.4,5.8,4.8,5.1,5.35,5.65,4.8,2.4,4.5,2.7,4.85,3.05
2026-07-01,COL,MIA,9.0,6.0,3.0,5.6,7.6,4.5,5.7,5.45,6.0,6.8,2.6,5.5,2.7,5.35,3.15
2026-04-22,DET,MIL,7.0,5.0,2.0,6.0,6.4,5.0,3.7,4.55,4.35,4.8,2.6,3.6,3.9,5.2,3.85
2026-04-23,DET,MIL,9.0,5.0,4.0,5.0,5.0,5.3,3.9,4.5,4.0,4.8,3.4,3.6,4.1,4.6,4.0
2026-05-01,DET,TEX,9.0,4.0,5.0,4.0,4.6,4.8,5.8,4.75,4.3,2.4,2.4,3.0,3.5,3.95,3.65
2026-05-02,DET,TEX,6.0,5.0,1.0,4.4,3.8,4.6,5.5,4.65,4.15,2.6,2.6,3.3,3.4,4.05,3.85
2026-05-03,DET,TEX,8.0,7.0,1.0,3.8,3.4,4.7,4.4,4.85,4.05,2.6,3.2,2.9,3.8,3.75,3.7
2026-05-04,DET,BOS,9.0,4.0,5.0,4.8,2.6,4.9,4.3,5.1,4.1,2.4,3.6,4.0,4.0,4.2,4.55
2026-05-05,DET,BOS,13.0,3.0,10.0,5.0,2.8,4.8,4.4,5.0,4.3,2.4,4.4,4.4,4.0,4.35,4.6
2026-05-06,DET,BOS,4.0,0.0,4.0,4.6,4.4,4.3,4.5,4.75,4.7,4.4,4.4,5.2,3.9,4.5,4.7
2026-05-15,DET,TOR,5.0,3.0,2.0,3.2,6.2,3.5,5.2,4.05,5.35,4.4,3.6,4.7,3.8,4.3,3.75
2026-05-17,DET,TOR,5.0,1.0,4.0,3.2,5.8,3.3,5.3,4.0,4.85,4.8,3.6,4.2,3.8,4.15,3.8
2026-05-18,DET,CLE,10.0,2.0,8.0,3.2,5.6,2.7,5.6,3.8,4.95,6.0,3.6,5.8,3.5,4.8,3.9
2026-05-19,DET,CLE,7.0,3.0,4.0,2.4,6.6,2.5,5.9,3.65,5.15,7.0,3.6,6.3,3.6,5.05,3.75
2026-05-21,DET,CLE,4.0,1.0,3.0,2.6,5.4,2.5,5.3,3.4,4.9,7.0,3.8,5.9,3.4,5.15,3.7
2026-05-26,DET,LAA,16.0,6.0,10.0,3.0,4.0,2.7,5.3,3.25,4.65,4.8,4.8,3.1,6.2,2.9,5.55
2026-05-27,DET,LAA,4.0,4.0,0.0,3.6,5.2,3.1,5.3,3.3,5.05,6.4,5.8,3.9,6.5,3.3,5.6
2026-05-28,DET,LAA,8.0,1.0,7.0,4.2,4.6,3.1,4.4,3.3,4.8,5.2,3.8,3.7,6.5,3.15,5.6
2026-06-05,DET,SEA,10.0,7.0,3.0,5.4,4.0,4.5,4.3,3.6,4.9,5.4,2.6,4.9,3.2,4.3,3.3
2026-06-06,DET,SEA,4.0,0.0,4.0,6.6,3.2,4.9,4.1,3.9,4.8,5.2,3.8,4.7,3.5,4.4,3.35
2026-06-07,DET,SEA,9.0,5.0,4.0,6.4,3.6,4.5,4.4,3.6,4.85,4.2,3.6,4.9,3.5,4.55,3.25
2026-06-09,DET,MIN,14.0,10.0,4.0,5.4,2.6,4.4,3.8,3.75,4.55,3.6,5.6,5.0,6.3,4.45,5.5
2026-06-10,DET,MIN,10.0,4.0,6.0,5.8,3.4,5.0,4.2,4.05,4.3,4.4,6.0,4.9,6.7,4.4,5.8
2026-06-11,DET,MIN,11.0,11.0,0.0,5.2,4.2,5.3,4.1,4.1,4.5,4.4,5.2,4.6,6.1,4.4,5.85
2026-06-19,DET,CHW,7.0,4.0,3.0,3.2,3.4,4.6,3.5,4.75,3.8,3.8,6.8,4.6,5.7,5.25,4.85
2026-06-20,DET,CHW,5.0,4.0,1.0,3.6,3.4,5.0,3.4,4.75,3.9,4.2,6.2,4.3,5.3,5.25,4.55
2026-06-22,DET,NYY,8.0,5.0,3.0,4.2,3.0,4.9,3.1,4.65,3.45,3.8,4.8,5.5,4.2,5.45,4.05
2026-06-23,DET,NYY,7.0,3.0,4.0,3.4,3.0,4.4,3.0,4.7,3.6,2.4,4.8,5.0,4.3,5.25,4.3
2026-06-24,DET,NYY,6.0,2.0,4.0,3.6,3.0,4.3,2.8,4.8,3.45,3.0,4.4,4.9,3.8,5.05,4.35
2026-06-25,DET,HOU,3.0,1.0,2.0,3.6,3.0,3.4,3.2,4.85,3.3,3.4,3.4,3.6,4.1,4.6,4.75
2026-06-26,DET,HOU,8.0,8.0,0.0,3.0,2.8,3.3,3.1,4.85,3.3,2.0,3.0,3.0,3.5,4.25,4.7
2026-06-27,DET,HOU,14.0,6.0,8.0,3.8,2.6,4.0,2.8,4.75,2.85,1.8,3.0,3.0,3.9,4.25,5.0
2026-04-24,HOU,NYY,16.0,4.0,12.0,5.0,5.2,4.0,4.8,5.0,5.3,6.4,1.4,5.7,4.1,5.2,3.85
2026-04-25,HOU,NYY,11.0,3.0,8.0,5.0,5.8,4.3,5.4,4.8,5.85,6.2,1.4,5.8,3.5,5.55,4.05
2026-04-26,HOU,NYY,11.0,7.0,4.0,4.6,6.0,4.4,5.6,4.5,6.15,6.4,2.0,6.5,3.1,5.7,4.05
2026-05-04,HOU,LAD,11.0,3.0,8.0,4.8,5.2,4.5,5.8,4.55,5.75,2.2,3.2,4.1,3.0,4.3,3.05
2026-05-05,HOU,LAD,3.0,2.0,1.0,4.8,5.8,4.3,5.8,4.4,5.7,3.6,3.4,4.6,3.3,4.6,2.95
2026-05-06,HOU,LAD,14.0,2.0,12.0,4.6,4.0,4.3,5.9,4.15,5.35,3.4,3.2,4.3,2.9,4.45,3.05
2026-05-11,HOU,SEA,4.0,1.0,3.0,3.0,4.2,3.9,5.0,4.15,5.4,3.8,4.0,4.3,3.9,4.35,4.4
2026-05-12,HOU,SEA,12.0,2.0,10.0,2.8,4.6,3.7,4.3,4.1,5.4,4.0,3.6,3.9,3.9,4.5,4.2
2026-05-14,HOU,SEA,11.0,3.0,8.0,2.8,4.2,2.8,4.8,4.0,5.45,5.4,3.8,4.4,3.8,4.65,4.15
2026-05-15,HOU,TEX,2.0,2.0,0.0,1.4,5.8,3.0,5.3,3.9,5.5,4.4,2.0,3.6,4.1,3.25,3.95
2026-05-16,HOU,TEX,5.0,4.0,1.0,1.6,5.2,2.6,5.0,3.55,5.4,3.2,2.4,3.5,3.6,3.05,3.65
2026-05-17,HOU,TEX,8.0,0.0,8.0,2.4,4.4,2.7,4.3,3.5,5.05,2.8,3.2,3.2,3.3,2.8,3.8
2026-05-30,HOU,MIL,11.0,9.0,2.0,6.6,3.8,4.6,3.2,3.55,4.1,3.4,3.6,4.5,2.9,4.25,2.7
2026-05-31,HOU,MIL,2.0,0.0,2.0,6.8,3.2,5.2,2.8,3.9,3.6,3.2,3.2,4.3,3.3,4.25,3.0
2026-06-02,HOU,PIT,16.0,6.0,10.0,5.0,3.6,5.0,2.9,3.4,3.7,6.2,6.8,5.3,4.8,4.95,4.25
2026-06-03,HOU,PIT,20.0,11.0,9.0,4.8,3.6,5.5,3.5,3.65,4.05,7.4,6.0,6.1,4.8,5.25,4.45
2026-06-04,HOU,PIT,6.0,1.0,5.0,6.2,4.8,6.2,4.2,4.2,4.25,8.8,6.8,6.8,5.4,5.6,4.75
2026-06-05,HOU,ATH,6.0,5.0,1.0,5.4,5.6,6.0,4.7,4.2,4.35,4.8,6.6,3.3,5.9,3.8,5.35
2026-06-06,HOU,ATH,15.0,13.0,2.0,4.6,5.4,5.7,4.3,4.35,3.9,4.6,6.0,3.4,6.2,3.8,5.5
2026-06-07,HOU,ATH,5.0,0.0,5.0,7.2,5.4,6.1,4.5,4.85,3.6,3.8,7.8,3.1,7.3,3.7,5.85
2026-06-15,HOU,DET,12.0,3.0,9.0,3.8,6.8,5.5,6.1,5.25,4.5,5.6,3.2,5.5,2.9,4.5,4.0
2026-06-16,HOU,DET,6.0,4.0,2.0,4.4,7.6,5.2,6.0,5.35,4.75,5.4,3.0,5.6,3.2,4.9,4.0
2026-06-17,HOU,DET,6.0,4.0,2.0,5.0,6.0,4.5,5.3,5.35,4.75,5.0,2.6,5.1,3.4,4.8,3.85
2026-06-19,HOU,CLE,12.0,9.0,3.0,3.8,4.8,4.8,5.0,5.4,4.85,3.0,3.2,2.9,4.0,3.2,4.5
2026-06-20,HOU,CLE,9.0,1.0,8.0,4.0,4.0,5.2,5.2,5.45,4.75,3.0,4.6,3.0,4.6,3.2,4.9
2026-06-21,HOU,CLE,3.0,2.0,1.0,4.2,4.8,4.0,5.8,5.05,5.15,4.0,4.6,3.2,4.7,3.5,4.45
2026-06-29,HOU,MIN,9.0,4.0,5.0,3.0,4.0,3.5,3.6,4.35,4.8,3.0,5.6,6.1,5.2,5.35,5.6
2026-06-30,HOU,MIN,10.0,6.0,4.0,3.4,4.2,3.5,3.9,4.0,4.6,3.8,6.0,5.4,5.4,5.35,5.65
2026-07-01,HOU,MIN,11.0,3.0,8.0,4.0,4.8,3.7,4.1,4.25,4.55,4.0,4.8,4.9,5.7,5.45,5.8
2026-04-21,KCR,BAL,11.0,6.0,5.0,3.2,7.2,2.6,4.6,3.45,4.55,3.4,4.8,4.6,4.4,4.2,4.45
2026-04-22,KCR,BAL,14.0,6.0,8.0,4.2,7.8,3.2,4.9,3.55,4.75,3.8,5.2,4.6,4.7,4.4,4.55
2026-04-24,KCR,LAA,9.0,6.0,3.0,3.6,7.4,3.6,5.7,3.7,5.1,2.6,3.6,5.3,3.9,4.6,4.2
2026-04-25,KCR,LAA,13.0,12.0,1.0,4.4,7.2,4.0,6.0,3.35,4.8,3.0,4.0,4.6,3.4,4.65,4.15
2026-05-04,KCR,CLE,8.0,6.0,2.0,5.6,3.8,5.0,5.5,3.75,4.65,5.2,4.0,4.1,4.0,4.5,4.45
2026-05-05,KCR,CLE,8.0,5.0,3.0,4.4,4.0,5.2,4.4,4.0,4.65,5.6,5.0,4.3,4.4,4.3,4.75
2026-05-06,KCR,CLE,4.0,1.0,3.0,5.0,3.6,5.7,4.0,4.15,4.3,5.6,5.8,3.8,4.3,4.4,4.35
2026-05-07,KCR,CLE,13.0,5.0,8.0,4.6,3.0,5.2,3.8,4.2,4.35,4.6,5.0,3.8,3.9,4.1,4.25
2026-05-08,KCR,DET,7.0,4.0,3.0,4.2,3.4,5.1,3.8,4.35,4.75,3.8,4.2,4.1,4.0,4.65,4.85
2026-05-09,KCR,DET,6.0,5.0,1.0,4.2,3.8,4.9,3.8,4.45,4.9,3.4,4.8,3.6,4.1,4.7,5.0
2026-05-10,KCR,DET,9.0,3.0,6.0,4.0,3.6,4.2,3.8,4.45,4.65,2.2,5.6,3.5,4.1,4.25,4.8
2026-05-18,KCR,BOS,4.0,1.0,3.0,3.2,4.4,3.4,4.3,4.55,4.15,1.8,3.2,3.0,3.1,3.7,3.55
2026-05-19,KCR,BOS,8.0,1.0,7.0,2.4,3.8,3.4,4.3,4.3,4.05,2.2,3.0,2.3,2.9,3.75,3.4
2026-05-20,KCR,BOS,7.0,3.0,4.0,1.6,4.0,3.0,4.2,4.05,4.0,3.0,3.0,2.6,3.0,3.95,2.95
2026-05-22,KCR,SEA,2.0,0.0,2.0,1.8,3.6,2.9,4.3,3.9,4.05,3.8,4.4,4.1,3.2,4.35,4.0
2026-05-23,KCR,SEA,5.0,5.0,0.0,1.4,3.2,2.4,4.4,3.3,4.1,3.4,3.0,4.2,3.0,4.25,3.45
2026-05-24,KCR,SEA,14.0,8.0,6.0,2.0,3.2,2.6,3.8,3.45,3.85,2.8,2.4,3.9,3.4,3.9,3.65
2026-05-25,KCR,NYY,7.0,3.0,4.0,3.4,3.8,2.9,3.8,3.7,3.85,2.0,2.4,3.1,3.5,4.6,3.5
2026-05-26,KCR,NYY,16.0,1.0,15.0,3.8,3.2,2.7,3.6,3.5,3.75,1.8,2.2,2.9,3.6,4.45,3.55
2026-05-27,KCR,NYY,7.0,0.0,7.0,3.4,5.4,2.6,4.5,3.35,4.45,4.6,2.0,4.4,3.0,4.75,3.4
2026-06-09,KCR,TEX,8.0,5.0,3.0,5.0,4.0,4.4,5.1,3.5,4.8,4.6,3.4,4.8,3.3,4.95,4.0
2026-06-11,KCR,TEX,6.0,2.0,4.0,5.0,4.2,4.9,4.7,3.65,4.75,3.8,3.6,5.0,3.3,4.7,4.25
2026-06-12,KCR,HOU,18.0,8.0,10.0,3.8,3.8,5.0,4.2,3.65,4.95,4.0,4.6,5.1,4.7,4.6,4.3
2026-06-13,KCR,HOU,15.0,7.0,8.0,4.8,4.8,5.2,4.5,4.0,5.3,5.8,5.2,5.6,5.4,5.1,4.3
2026-06-14,KCR,HOU,4.0,4.0,0.0,5.6,6.0,5.6,4.7,4.3,5.35,6.4,6.4,5.5,5.9,5.35,4.35
2026-06-18,KCR,STL,20.0,14.0,6.0,4.8,4.6,4.8,4.7,4.35,5.5,4.0,3.8,5.3,3.8,4.6,3.9
2026-06-19,KCR,STL,11.0,6.0,5.0,6.2,4.2,5.9,5.1,4.9,5.6,3.4,5.4,5.4,4.9,4.9,4.3
2026-06-21,KCR,STL,22.0,10.0,12.0,6.6,5.2,5.9,5.1,5.15,5.1,3.6,5.6,5.2,5.5,5.1,4.5
2026-06-30,KCR,TBR,14.0,4.0,10.0,2.4,9.2,5.6,7.5,5.2,6.1,6.6,1.8,5.1,3.2,4.2,3.5
2026-07-01,KCR,TBR,4.0,0.0,4.0,2.6,10.2,4.6,7.9,5.25,6.5,7.6,2.0,5.6,3.4,4.65,3.5
2026-04-19,LAA,SDP,3.0,1.0,2.0,6.2,2.8,6.5,4.8,5.25,4.6,4.0,3.6,5.0,3.6,4.35,3.75
2026-05-01,LAA,NYM,7.0,3.0,4.0,4.0,6.8,3.4,4.9,4.9,5.1,3.0,5.0,3.6,4.8,2.85,5.3
2026-05-03,LAA,NYM,6.0,1.0,5.0,3.2,7.0,2.9,5.3,4.75,5.2,3.6,5.0,3.8,4.7,2.8,5.35
2026-05-04,LAA,CHW,6.0,0.0,6.0,2.8,6.8,2.9,5.4,4.7,5.1,5.6,3.0,6.2,4.0,4.75,4.05
2026-05-05,LAA,CHW,7.0,4.0,3.0,2.6,5.6,2.8,5.8,4.6,5.0,5.2,1.6,6.1,3.6,4.95,3.85
2026-05-06,LAA,CHW,10.0,8.0,2.0,2.0,4.6,3.0,5.6,4.3,5.05,4.8,2.0,5.3,3.5,4.95,3.8
2026-05-15,LAA,LAD,6.0,0.0,6.0,2.6,5.8,2.6,4.7,2.75,5.0,3.2,4.8,4.2,3.9,4.15,3.45
2026-05-16,LAA,LAD,17.0,2.0,15.0,2.4,4.2,2.5,4.8,2.7,5.1,4.0,3.4,4.0,3.6,4.3,3.45
2026-05-17,LAA,LAD,11.0,1.0,10.0,1.6,7.0,2.7,5.7,2.75,5.75,6.4,2.0,5.4,3.6,4.85,3.25
2026-05-18,LAA,ATH,3.0,2.0,1.0,1.4,7.6,2.4,6.4,2.7,6.0,4.0,5.0,4.7,3.9,4.65,4.4
2026-05-19,LAA,ATH,20.0,6.0,14.0,1.4,7.2,1.8,6.3,2.7,5.85,3.0,5.0,3.6,4.0,4.3,4.45
2026-05-22,LAA,TEX,15.0,9.0,6.0,2.2,9.2,2.4,7.5,2.65,6.4,6.0,3.0,4.6,2.7,3.85,3.5
2026-05-23,LAA,TEX,7.0,5.0,2.0,4.0,9.2,3.2,6.7,2.95,6.4,7.0,4.0,4.9,3.6,4.05,3.8
2026-05-24,LAA,TEX,3.0,2.0,1.0,4.6,6.6,3.1,6.8,3.15,5.9,5.8,5.0,5.1,4.0,4.0,4.05
2026-06-01,LAA,COL,17.0,8.0,9.0,5.6,4.2,6.0,5.0,3.9,5.65,5.8,9.4,4.1,7.0,3.8,6.5
2026-06-02,LAA,COL,10.0,2.0,8.0,7.2,5.2,6.2,4.5,4.3,6.0,6.4,8.0,4.9,7.6,4.25,6.6
2026-06-03,LAA,COL,15.0,11.0,4.0,6.2,6.6,5.5,4.7,4.35,5.7,7.8,7.6,5.4,7.6,4.6,6.55
2026-06-09,LAA,HOU,11.0,10.0,1.0,5.6,5.4,6.4,5.3,5.05,5.9,6.0,4.4,5.4,4.0,4.75,3.85
2026-06-12,LAA,TBR,7.0,4.0,3.0,7.2,4.0,6.7,5.3,5.55,5.65,3.6,3.4,4.0,4.4,4.45,4.85
2026-06-13,LAA,TBR,8.0,8.0,0.0,5.8,3.8,6.6,4.8,5.65,5.05,3.6,3.4,3.8,4.6,4.3,4.9
2026-06-14,LAA,TBR,11.0,3.0,8.0,7.4,3.6,6.0,4.5,6.0,4.55,3.4,4.2,2.9,4.4,3.5,5.0
2026-06-22,LAA,BAL,7.0,1.0,6.0,4.8,4.0,5.2,3.6,5.8,4.45,5.0,3.0,4.5,4.0,5.2,4.25
2026-06-23,LAA,BAL,6.0,5.0,1.0,3.6,5.2,4.3,4.1,5.5,4.7,5.2,2.6,4.4,3.6,5.2,4.05
2026-06-26,LAA,ATH,12.0,3.0,9.0,4.4,3.8,4.4,3.9,5.5,4.35,3.6,5.4,5.2,7.0,5.0,6.3
2026-06-27,LAA,ATH,7.0,5.0,2.0,5.0,4.6,3.9,4.8,4.95,4.65,5.4,4.6,5.2,5.0,5.05,5.8
2026-06-28,LAA,ATH,5.0,4.0,1.0,4.6,5.0,4.1,4.2,5.1,4.5,4.4,3.8,4.3,5.3,5.05,6.0
2026-04-24,LAD,CHC,10.0,4.0,6.0,4.4,3.6,4.6,2.6,5.75,3.45,7.0,2.6,7.0,4.0,5.6,3.6
2026-04-25,LAD,CHC,16.0,12.0,4.0,4.0,3.0,4.6,3.2,5.9,3.55,5.8,2.6,7.6,4.2,5.75,3.5
2026-04-26,LAD,CHC,6.0,6.0,0.0,4.0,3.2,5.6,3.5,5.85,3.45,5.8,4.6,7.3,4.8,5.6,4.0
2026-04-27,LAD,MIA,9.0,5.0,4.0,5.0,2.6,5.4,3.3,5.65,3.2,4.2,4.4,4.1,4.5,4.25,4.75
2026-04-28,LAD,MIA,3.0,1.0,2.0,6.0,2.8,5.2,3.6,5.5,3.1,4.4,4.4,4.0,4.4,4.35,4.6
2026-04-29,LAD,MIA,5.0,2.0,3.0,5.6,3.2,5.0,3.4,4.85,3.1,4.0,4.4,3.9,3.9,4.1,4.2
2026-05-08,LAD,ATL,4.0,3.0,1.0,5.4,2.2,4.3,2.7,4.95,3.1,5.6,3.4,5.3,3.5,5.7,3.6
2026-05-09,LAD,ATL,9.0,2.0,7.0,5.6,1.8,4.0,2.8,4.7,3.05,4.0,3.8,4.8,3.6,5.45,3.5
2026-05-10,LAD,ATL,9.0,2.0,7.0,5.2,3.0,3.7,3.1,4.45,3.35,3.2,3.0,5.0,3.6,5.5,3.45
2026-05-11,LAD,SFG,12.0,3.0,9.0,4.0,3.8,3.8,3.6,4.4,3.5,3.4,6.4,2.6,5.3,2.95,4.3
2026-05-12,LAD,SFG,8.0,2.0,6.0,4.4,5.2,3.9,4.2,4.25,3.5,4.6,6.6,2.9,5.3,3.35,4.35
2026-05-13,LAD,SFG,4.0,4.0,0.0,2.4,6.0,3.9,4.1,3.75,3.65,4.8,5.0,3.5,4.8,3.5,4.05
2026-05-14,LAD,SFG,7.0,5.0,2.0,2.6,5.8,4.1,3.8,3.9,3.5,4.6,4.8,3.3,4.9,3.35,4.25
2026-05-25,LAD,COL,8.0,5.0,3.0,5.2,2.6,6.2,1.9,5.15,2.85,2.6,4.6,3.1,5.8,3.35,6.15
2026-05-26,LAD,COL,21.0,15.0,6.0,5.2,2.4,6.2,2.0,5.2,2.95,2.4,4.6,3.3,5.4,3.45,5.95
2026-05-27,LAD,COL,5.0,4.0,1.0,7.4,3.6,7.1,2.6,5.55,3.1,3.4,7.2,3.5,6.7,3.45,6.15
2026-05-29,LAD,PHI,6.0,4.0,2.0,8.0,2.8,6.0,2.5,5.7,3.05,2.8,1.2,3.0,2.4,3.7,2.4
2026-05-30,LAD,PHI,7.0,3.0,4.0,6.6,2.6,5.4,2.6,5.3,3.05,2.6,2.0,2.6,2.8,3.75,2.6
2026-05-31,LAD,PHI,10.0,9.0,1.0,6.2,3.2,5.7,2.9,5.3,3.2,3.2,2.0,2.5,2.7,3.5,2.7
2026-06-05,LAD,LAA,1.0,1.0,0.0,5.0,2.6,5.6,2.9,5.9,2.4,7.4,5.8,6.1,4.9,4.6,5.85
2026-06-06,LAD,LAA,11.0,9.0,2.0,3.4,2.4,5.2,2.6,5.7,2.3,4.6,5.4,5.9,4.9,4.5,5.55
2026-06-07,LAD,LAA,18.0,5.0,13.0,5.0,2.0,4.6,2.2,5.85,2.4,4.6,6.2,5.1,5.2,4.5,5.85
2026-06-15,LAD,TBR,7.0,4.0,3.0,5.8,6.0,5.8,5.1,5.85,3.9,4.4,4.6,3.7,3.9,3.7,5.1
2026-06-16,LAD,TBR,1.0,1.0,0.0,5.0,4.8,6.0,5.1,5.8,4.0,4.2,4.8,3.8,3.6,3.6,5.15
2026-06-17,LAD,TBR,9.0,5.0,4.0,3.6,3.6,6.0,5.1,5.6,3.85,2.8,4.0,3.2,3.7,3.4,5.1
2026-06-19,LAD,BAL,11.0,6.0,5.0,4.2,2.8,5.6,5.3,5.1,3.75,2.2,4.6,3.9,4.5,5.05,4.3
2026-06-20,LAD,BAL,5.0,2.0,3.0,4.0,3.6,5.7,4.5,5.2,3.95,2.6,4.0,4.0,4.5,4.75,4.5
2026-06-21,LAD,BAL,13.0,1.0,12.0,3.6,3.0,4.7,4.5,5.1,4.0,2.8,3.4,4.0,4.1,4.85,4.5
2026-05-01,MIA,PHI,11.0,5.0,6.0,2.8,4.0,4.0,3.6,3.9,4.0,3.4,4.0,2.5,4.8,3.1,5.35
2026-05-02,MIA,PHI,4.0,4.0,0.0,3.4,4.0,4.0,3.9,4.15,4.2,4.2,3.6,3.1,4.4,3.35,5.4
2026-05-03,MIA,PHI,9.0,2.0,7.0,3.6,2.8,3.9,3.6,4.0,4.0,3.6,3.4,3.0,4.5,3.05,5.4
2026-05-04,MIA,PHI,1.0,0.0,1.0,3.2,3.2,3.8,3.8,3.7,4.3,4.6,2.6,3.5,4.3,3.4,5.2
2026-05-05,MIA,BAL,16.0,7.0,9.0,2.8,3.2,3.4,3.8,3.7,4.25,3.0,10.0,4.4,8.1,4.75,6.4
2026-05-06,MIA,BAL,11.0,4.0,7.0,3.6,4.6,3.2,4.3,4.0,4.4,3.8,9.2,4.3,8.5,4.9,6.65
2026-05-07,MIA,BAL,7.0,4.0,3.0,3.4,4.8,3.4,4.4,4.1,4.35,4.8,8.6,4.9,7.2,4.95,6.75
2026-05-08,MIA,WSN,5.0,2.0,3.0,3.4,5.4,3.5,4.1,3.8,4.3,5.8,4.8,5.3,4.9,5.1,5.75
2026-05-09,MIA,WSN,15.0,8.0,7.0,3.4,4.6,3.3,3.9,3.65,4.15,6.2,4.4,5.2,4.6,4.85,5.55
2026-05-10,MIA,WSN,7.0,5.0,2.0,5.0,5.8,3.9,4.5,3.9,4.2,7.0,5.6,5.9,4.6,4.95,5.15
2026-05-18,MIA,ATL,12.0,12.0,0.0,3.0,6.0,3.8,5.2,3.5,4.75,3.8,1.8,3.8,2.1,4.95,2.8
2026-05-19,MIA,ATL,12.0,4.0,8.0,5.4,5.4,4.6,4.5,4.0,4.45,2.8,3.8,3.5,3.1,4.6,3.3
2026-05-20,MIA,ATL,10.0,1.0,9.0,4.4,6.0,4.6,5.0,4.05,4.55,3.6,4.4,4.2,3.2,4.75,3.35
2026-05-21,MIA,ATL,12.0,3.0,9.0,4.4,6.0,4.5,5.6,3.9,4.75,5.4,4.2,5.0,3.0,4.9,3.3
2026-05-22,MIA,NYM,3.0,2.0,1.0,4.6,6.4,4.0,5.8,3.95,5.15,4.0,5.2,4.3,4.5,4.2,4.25
2026-05-23,MIA,NYM,5.0,4.0,1.0,4.4,5.4,3.7,5.7,3.9,5.1,3.8,4.6,4.2,4.1,4.1,4.15
2026-05-24,MIA,NYM,4.0,4.0,0.0,2.8,5.6,4.1,5.5,3.85,4.85,2.8,4.8,4.2,4.3,4.1,4.2
2026-06-05,MIA,TBR,6.0,0.0,6.0,4.0,4.6,3.8,3.6,3.75,4.65,3.8,8.2,3.4,6.7,4.75,4.7
2026-06-06,MIA,TBR,7.0,4.0,3.0,3.8,4.6,3.4,4.1,3.75,4.8,4.4,5.4,3.6,6.5,4.9,4.7
2026-06-07,MIA,TBR,5.0,4.0,1.0,4.4,3.2,3.4,4.4,3.5,4.7,4.0,5.8,3.9,6.7,4.65,4.7
2026-06-09,MIA,ARI,16.0,10.0,6.0,3.8,2.8,3.0,4.3,3.65,4.3,2.0,6.0,3.0,4.9,4.35,3.9
2026-06-10,MIA,ARI,8.0,8.0,0.0,4.4,3.4,3.9,4.1,4.05,4.25,3.2,6.6,2.9,5.4,4.55,4.2
2026-06-11,MIA,ARI,2.0,2.0,0.0,5.2,3.2,4.6,3.9,4.3,3.95,2.6,7.8,2.6,6.0,4.15,4.3
2026-06-19,MIA,SFG,7.0,4.0,3.0,4.0,4.8,5.2,3.4,4.3,3.9,4.2,3.8,6.8,5.1,5.95,5.9
2026-06-20,MIA,SFG,9.0,6.0,3.0,4.4,4.8,5.2,3.6,4.1,3.95,4.6,3.6,5.9,4.6,5.7,5.85
2026-06-21,MIA,SFG,3.0,2.0,1.0,4.8,5.0,4.8,3.3,4.35,3.7,5.0,3.6,4.4,4.9,5.75,5.85
2026-06-22,MIA,TEX,7.0,3.0,4.0,5.2,3.8,4.2,3.4,4.4,3.65,4.0,7.0,3.7,6.2,4.25,4.75
2026-06-23,MIA,TEX,10.0,6.0,4.0,5.4,3.0,4.3,3.8,4.5,3.55,4.4,6.8,3.8,6.0,4.4,4.65
2026-06-24,MIA,TEX,6.0,4.0,2.0,4.2,3.0,4.1,3.9,4.75,3.25,4.8,5.6,3.8,6.4,4.15,4.9
2026-04-24,MIL,PIT,6.0,0.0,6.0,5.2,4.2,4.0,4.1,4.5,4.2,4.2,3.8,5.1,3.6,4.95,3.85
2026-04-26,MIL,PIT,5.0,5.0,0.0,4.2,5.0,3.7,4.0,4.05,4.15,4.4,3.6,5.5,3.6,4.9,3.3
2026-04-28,MIL,ARI,15.0,13.0,2.0,4.6,4.0,4.1,3.7,4.2,4.0,6.6,7.0,6.0,6.2,4.9,5.05
2026-04-29,MIL,ARI,8.0,2.0,6.0,4.8,3.6,4.8,3.1,4.55,4.0,6.0,7.4,5.5,6.6,4.65,5.45
2026-04-30,MIL,ARI,14.0,13.0,1.0,4.8,3.8,4.8,3.6,4.25,4.2,5.0,6.4,5.7,6.5,4.9,5.55
2026-05-08,MIL,NYY,6.0,6.0,0.0,4.2,2.6,5.4,2.8,4.7,3.45,8.0,3.2,6.3,2.9,6.35,3.15
2026-05-10,MIL,NYY,7.0,4.0,3.0,4.2,2.4,6.0,2.2,4.85,3.1,5.8,3.8,5.9,3.3,6.15,2.9
2026-05-12,MIL,SDP,10.0,6.0,4.0,4.2,2.8,5.9,2.5,5.0,3.1,4.0,3.2,3.2,3.9,3.85,4.8
2026-05-13,MIL,SDP,4.0,1.0,3.0,5.0,3.0,5.2,2.7,5.0,2.9,2.8,3.4,3.2,4.0,4.05,4.7
2026-05-14,MIL,SDP,8.0,7.0,1.0,4.6,2.4,5.1,2.4,4.95,3.0,2.4,3.4,3.3,3.3,4.0,4.7
2026-05-22,MIL,LAD,6.0,5.0,1.0,5.0,2.2,4.6,2.4,5.3,2.3,6.8,1.6,5.4,2.5,4.6,3.05
2026-05-23,MIL,LAD,14.0,3.0,11.0,5.6,2.2,4.7,2.2,5.3,2.35,4.0,2.2,5.2,2.1,4.55,3.15
2026-05-24,MIL,LAD,6.0,1.0,5.0,5.4,3.4,4.4,2.9,4.8,2.8,4.2,2.6,6.1,1.8,5.0,2.95
2026-05-25,MIL,STL,6.0,5.0,1.0,3.8,3.8,4.4,3.1,4.75,2.75,2.8,3.6,3.5,3.6,4.3,3.6
2026-05-26,MIL,STL,6.0,6.0,0.0,3.8,3.6,4.2,3.1,4.35,2.75,2.2,4.2,3.0,4.1,4.15,3.75
2026-05-27,MIL,STL,3.0,2.0,1.0,4.0,3.6,4.5,2.9,4.35,2.7,2.2,5.0,2.8,4.3,3.6,3.7
2026-06-01,MIL,SFG,18.0,16.0,2.0,3.4,2.2,3.6,3.0,4.2,2.7,7.0,6.4,6.2,6.1,5.25,5.75
2026-06-02,MIL,SFG,11.0,8.0,3.0,5.6,2.4,4.7,3.0,4.7,2.7,6.4,8.2,6.1,7.1,5.2,5.9
2026-06-03,MIL,SFG,1.0,0.0,1.0,6.0,3.0,5.0,3.3,4.8,2.85,6.6,9.2,6.0,7.0,4.9,6.15
2026-06-04,MIL,SFG,21.0,9.0,12.0,5.6,3.0,4.5,3.3,4.6,2.75,5.6,7.6,5.1,6.7,4.65,6.05
2026-06-12,MIL,PHI,6.0,6.0,0.0,7.2,5.6,6.4,4.3,5.45,3.6,5.2,4.0,4.7,4.3,3.6,3.5
2026-06-13,MIL,PHI,17.0,8.0,9.0,6.6,3.2,6.8,3.4,5.55,3.35,4.6,4.0,4.6,4.0,3.55,3.6
2026-06-14,MIL,PHI,4.0,4.0,0.0,6.8,4.8,7.4,4.3,5.5,3.65,4.6,4.6,5.2,4.6,3.8,3.55
2026-06-16,MIL,CLE,3.0,2.0,1.0,5.2,4.0,6.2,4.1,5.45,3.55,2.4,4.8,3.5,3.7,2.95,4.05
2026-06-17,MIL,CLE,13.0,9.0,4.0,4.6,2.8,5.6,3.9,5.3,3.6,2.6,3.2,2.7,3.5,2.85,4.1
2026-06-18,MIL,CLE,6.0,2.0,4.0,5.8,2.8,6.5,4.2,5.5,3.75,3.0,4.4,2.6,4.0,3.0,4.55
2026-06-26,MIL,CHC,8.0,6.0,2.0,4.4,3.2,4.7,3.4,5.75,3.4,10.2,4.8,7.3,4.5,5.75,4.85
2026-06-27,MIL,CHC,10.0,2.0,8.0,5.2,3.0,4.5,2.7,5.95,3.5,7.4,5.6,6.9,5.0,5.6,4.85
2026-06-29,MIL,CIN,8.0,5.0,3.0,5.0,3.8,4.3,3.5,5.25,3.8,4.8,5.6,4.4,4.8,4.1,4.8
2026-06-30,MIL,CIN,9.0,7.0,2.0,4.2,3.6,4.6,3.7,5.1,3.8,5.4,6.2,4.2,5.0,4.15,4.8
2026-07-01,MIL,CIN,6.0,4.0,2.0,5.2,4.0,4.4,3.5,5.45,3.85,4.8,6.4,4.3,4.8,4.1,4.65
2026-04-27,MIN,SEA,15.0,11.0,4.0,3.0,5.8,3.6,4.8,5.05,4.65,4.8,4.4,4.2,4.3,4.05,3.95
2026-04-28,MIN,SEA,8.0,1.0,7.0,4.8,6.0,4.1,5.2,5.1,4.65,5.2,5.6,4.4,4.9,4.25,4.45
2026-04-29,MIN,SEA,8.0,3.0,5.0,3.4,5.4,3.7,5.0,5.1,4.65,5.6,5.0,5.1,4.5,4.55,4.4
2026-04-30,MIN,TOR,8.0,7.0,1.0,3.6,5.2,3.9,5.3,4.9,4.75,4.0,2.2,4.8,3.4,3.9,4.5
2026-05-01,MIN,TOR,10.0,3.0,7.0,4.8,4.2,4.2,4.9,5.05,4.7,3.2,3.0,3.9,3.7,3.85,4.15
2026-05-02,MIN,TOR,15.0,4.0,11.0,5.0,4.8,4.0,5.3,4.8,4.75,3.8,3.2,4.1,3.8,4.15,4.1
2026-05-03,MIN,TOR,7.0,4.0,3.0,3.6,6.2,4.2,6.1,4.85,5.25,6.0,3.0,4.8,4.0,4.5,4.15
2026-05-12,MIN,MIA,3.0,3.0,0.0,5.4,7.0,4.8,6.2,4.25,5.6,4.6,4.4,4.1,4.5,4.05,4.05
2026-05-13,MIN,MIA,14.0,5.0,9.0,3.8,6.4,4.8,5.7,4.35,5.5,3.8,3.6,3.6,4.2,3.8,4.05
2026-05-14,MIN,MIA,10.0,9.0,1.0,4.4,5.2,4.6,6.5,4.4,5.7,4.8,4.0,4.1,4.7,4.0,4.15
2026-05-15,MIN,MIL,5.0,2.0,3.0,5.2,4.0,5.2,5.9,4.6,5.6,4.8,2.2,4.5,2.4,5.2,3.0
2026-05-16,MIN,MIL,3.0,1.0,2.0,4.8,3.4,5.0,5.1,4.6,5.6,4.2,2.6,4.2,2.5,5.1,3.0
2026-05-17,MIN,MIL,9.0,5.0,4.0,4.0,3.0,4.7,5.0,4.25,5.2,3.8,2.2,4.0,2.5,5.05,2.8
2026-05-18,MIN,HOU,9.0,6.0,3.0,4.4,3.8,4.1,5.1,4.4,5.1,2.2,5.4,2.5,5.0,3.4,5.45
2026-05-19,MIN,HOU,3.0,1.0,2.0,4.6,2.6,4.5,3.9,4.65,4.95,2.4,4.6,2.6,4.4,3.35,5.15
2026-05-20,MIN,HOU,5.0,4.0,1.0,3.0,2.8,4.1,3.4,4.6,4.85,2.2,3.2,1.8,4.5,3.3,4.8
2026-06-01,MIN,CHW,15.0,9.0,6.0,4.2,9.2,4.4,6.3,4.25,4.85,6.6,1.4,5.6,3.5,5.3,4.4
2026-06-02,MIN,CHW,10.0,6.0,4.0,5.6,7.4,4.9,6.8,4.5,4.85,7.2,3.0,6.0,4.3,5.5,4.45
2026-06-03,MIN,CHW,8.0,0.0,8.0,6.4,7.0,4.7,6.6,4.55,4.85,5.0,3.8,6.0,4.4,5.3,4.15
2026-06-04,MIN,KCR,14.0,6.0,8.0,5.4,7.4,4.3,7.2,4.4,5.25,4.8,5.2,4.1,5.8,3.25,5.1
2026-06-05,MIN,KCR,8.0,5.0,3.0,4.8,7.0,4.3,7.5,4.45,5.2,6.2,4.6,4.4,6.4,3.5,5.1
2026-06-06,MIN,KCR,5.0,2.0,3.0,5.2,5.8,4.7,7.5,4.25,5.3,5.6,4.2,3.9,6.3,3.4,5.05
2026-06-07,MIN,KCR,11.0,5.0,6.0,3.8,5.2,4.7,6.3,4.25,5.3,5.6,3.4,3.9,6.1,3.3,4.85
2026-06-12,MIN,STL,17.0,9.0,8.0,3.4,6.8,4.3,6.3,4.35,6.3,6.2,3.0,5.6,3.1,3.95,3.65
2026-06-13,MIN,STL,15.0,6.0,9.0,4.8,7.8,4.3,6.5,4.6,6.65,6.6,3.8,5.9,3.9,4.15,4.0
2026-06-14,MIN,STL,9.0,5.0,4.0,5.0,8.4,4.3,7.0,4.5,6.8,7.4,4.4,6.7,4.3,4.6,4.2
2026-06-22,MIN,LAD,3.0,1.0,2.0,9.2,4.8,7.0,5.8,5.8,5.95,3.0,4.8,4.0,4.8,5.0,4.4
2026-06-23,MIN,LAD,15.0,3.0,12.0,7.0,4.8,7.1,4.9,5.7,5.6,3.2,5.0,3.4,4.3,4.65,4.4
2026-06-24,MIN,LAD,7.0,3.0,4.0,5.8,6.6,6.5,5.3,5.4,5.9,4.6,4.8,4.4,3.8,5.2,4.35
2026-06-27,MIN,COL,13.0,5.0,8.0,5.4,5.6,6.2,4.8,5.25,5.9,4.2,4.4,6.3,4.9,5.55,5.8
2026-06-28,MIN,COL,5.0,3.0,2.0,3.2,5.6,6.2,5.2,5.5,5.9,5.4,5.2,4.8,4.5,5.5,5.65
2026-04-24,NYM,COL,7.0,3.0,4.0,4.4,6.2,3.1,5.7,3.75,4.95,5.6,6.4,4.3,5.4,4.1,5.1
2026-04-26,NYM,COL,4.0,1.0,3.0,4.2,4.6,2.8,5.0,3.35,4.8,4.6,5.8,4.1,5.0,4.25,5.0
2026-04-26,NYM,COL,4.0,1.0,3.0,4.2,4.6,2.8,5.0,3.35,4.8,4.6,3.6,4.3,4.8,4.35,4.55
2026-04-26,NYM,COL,3.0,0.0,3.0,4.0,4.4,2.9,5.2,3.2,4.85,4.6,5.8,4.1,5.0,4.25,5.0
2026-04-26,NYM,COL,3.0,0.0,3.0,4.0,4.4,2.9,5.2,3.2,4.85,4.6,3.6,4.3,4.8,4.35,4.55
2026-04-28,NYM,WSN,8.0,8.0,0.0,3.4,4.0,2.9,5.1,3.2,4.85,5.4,6.6,4.5,6.5,5.25,6.15
2026-04-29,NYM,WSN,16.0,2.0,14.0,4.4,3.6,3.6,4.9,3.5,4.5,4.6,6.4,4.0,5.7,4.6,6.45
2026-04-30,NYM,WSN,9.0,4.0,5.0,2.8,4.8,3.6,5.5,3.1,5.05,5.2,6.0,4.9,5.5,5.2,6.4
2026-05-12,NYM,DET,12.0,10.0,2.0,3.6,4.0,4.1,4.3,3.5,4.7,2.6,5.2,3.8,4.0,4.35,4.9
2026-05-14,NYM,DET,13.0,9.0,4.0,4.8,4.0,4.3,4.5,3.95,4.7,2.4,5.2,3.5,4.8,4.15,5.3
2026-05-15,NYM,NYY,7.0,2.0,5.0,4.6,3.8,5.0,3.5,4.3,4.5,2.2,4.4,5.1,3.8,5.3,3.4
2026-05-16,NYM,NYY,9.0,6.0,3.0,4.6,3.6,4.8,3.5,4.2,4.15,3.2,3.6,4.5,3.7,5.35,3.45
2026-05-25,NYM,CIN,9.0,2.0,7.0,1.6,3.8,4.1,4.2,4.1,4.25,4.2,5.6,5.6,5.2,4.45,6.1
2026-05-26,NYM,CIN,9.0,2.0,7.0,1.2,3.6,3.3,4.7,3.8,4.6,5.0,4.0,5.8,5.4,4.45,6.1
2026-05-27,NYM,CIN,6.0,4.0,2.0,1.2,4.8,2.6,5.0,3.8,4.25,5.6,3.4,6.1,4.6,4.7,5.55
2026-05-30,NYM,MIA,7.0,6.0,1.0,1.8,4.8,2.8,4.7,3.8,4.1,3.6,2.6,4.0,4.0,3.9,4.6
2026-05-31,NYM,MIA,11.0,10.0,1.0,2.8,4.2,2.8,4.5,3.9,4.0,3.0,3.6,2.9,4.6,3.75,4.55
2026-06-09,NYM,STL,7.0,0.0,7.0,4.8,3.0,4.8,3.3,4.45,3.75,6.0,4.2,4.4,3.7,3.6,4.0
2026-06-10,NYM,STL,11.0,2.0,9.0,4.2,2.8,4.6,3.3,3.95,4.0,6.6,2.8,5.0,3.5,3.65,3.8
2026-06-11,NYM,STL,9.0,5.0,4.0,3.2,4.4,4.6,3.5,3.6,4.25,7.4,2.6,5.3,3.2,4.0,3.6
2026-06-12,NYM,ATL,12.0,7.0,5.0,3.2,5.2,4.7,3.7,3.75,4.2,3.6,3.4,4.6,3.4,4.9,3.75
2026-06-13,NYM,ATL,4.0,1.0,3.0,4.2,5.6,4.8,4.1,3.8,4.3,4.2,3.4,4.3,3.8,4.75,4.05
2026-06-14,NYM,ATL,9.0,8.0,1.0,3.0,5.6,3.9,4.3,3.55,4.0,3.6,3.0,4.1,3.7,4.9,3.5
2026-06-23,NYM,CHC,15.0,6.0,9.0,4.6,6.2,4.4,5.6,4.5,4.55,7.4,5.0,6.0,3.8,5.2,5.05
2026-06-24,NYM,CHC,13.0,3.0,10.0,5.2,7.0,4.5,6.1,4.6,4.9,8.2,5.4,6.7,4.1,5.6,4.75
2026-06-24,NYM,CHC,13.0,3.0,10.0,5.2,7.0,4.5,6.1,4.6,4.9,9.8,5.0,6.8,4.1,5.6,4.7
2026-06-24,NYM,CHC,15.0,5.0,10.0,4.0,8.8,4.1,6.6,4.45,5.35,8.2,5.4,6.7,4.1,5.6,4.75
2026-06-24,NYM,CHC,15.0,5.0,10.0,4.0,8.8,4.1,6.6,4.45,5.35,9.8,5.0,6.8,4.1,5.6,4.7
2026-06-26,NYM,PHI,3.0,1.0,2.0,3.8,10.0,4.5,7.3,4.2,5.8,7.2,4.8,7.4,4.7,6.15,4.75
2026-06-27,NYM,PHI,8.0,6.0,2.0,3.4,7.4,3.8,7.4,4.1,5.5,6.4,4.6,6.9,4.8,5.95,4.6
2026-06-28,NYM,PHI,9.0,4.0,5.0,4.2,6.6,4.4,6.4,4.05,5.55,6.6,5.0,6.3,5.2,5.65,4.6
2026-04-19,NYY,KCR,7.0,7.0,0.0,5.4,5.6,4.7,5.2,4.95,3.85,3.4,6.2,2.8,4.9,3.55,4.5
2026-05-01,NYY,BAL,9.0,7.0,2.0,3.8,3.4,5.0,2.4,4.85,3.8,4.8,7.8,5.3,6.6,4.95,5.05
2026-05-02,NYY,BAL,13.0,9.0,4.0,3.6,3.2,5.0,2.6,5.1,3.75,5.0,5.8,5.3,6.9,4.95,5.35
2026-05-03,NYY,BAL,14.0,11.0,3.0,4.6,2.6,5.5,3.0,5.55,3.9,5.2,6.6,5.3,7.0,4.95,5.7
2026-05-04,NYY,BAL,13.0,12.0,1.0,6.0,2.8,6.2,3.2,5.95,3.8,4.8,8.2,5.1,7.5,4.85,6.1
2026-05-05,NYY,TEX,11.0,7.0,4.0,7.8,2.6,7.0,3.1,6.35,3.6,2.4,3.8,2.6,3.7,3.65,3.75
2026-05-06,NYY,TEX,7.0,1.0,6.0,9.2,2.8,6.5,3.1,6.15,3.3,2.8,4.6,2.4,4.3,3.6,4.0
2026-05-07,NYY,TEX,11.0,9.0,2.0,8.0,3.6,5.8,3.4,6.15,3.25,3.4,4.8,2.9,3.6,3.5,4.0
2026-05-18,NYY,TOR,13.0,7.0,6.0,3.2,4.0,3.6,4.2,5.3,3.65,5.2,3.8,3.5,3.5,4.15,3.75
2026-05-19,NYY,TOR,9.0,5.0,4.0,4.2,4.6,3.6,4.4,5.05,3.75,3.6,5.0,3.8,3.8,4.3,3.75
2026-05-20,NYY,TOR,3.0,1.0,2.0,4.0,5.0,4.0,4.2,4.9,3.8,4.2,4.8,4.1,3.8,4.2,3.6
2026-05-21,NYY,TOR,2.0,0.0,2.0,4.2,4.0,3.2,4.2,4.75,3.55,3.6,3.4,4.0,3.5,4.05,3.5
2026-05-22,NYY,TBR,6.0,2.0,4.0,3.2,4.0,3.2,3.8,4.55,3.55,7.6,3.0,6.1,2.7,4.95,2.1
2026-05-24,NYY,TBR,2.0,2.0,0.0,3.0,3.6,3.1,3.8,4.5,3.65,7.0,3.0,6.2,2.9,4.85,2.1
2026-06-02,NYY,CLE,13.0,4.0,9.0,9.4,3.4,5.6,2.8,4.8,3.5,3.0,5.8,2.4,4.4,4.15,3.9
2026-06-03,NYY,CLE,9.0,4.0,5.0,7.2,5.0,5.9,3.5,4.55,3.85,4.2,5.4,3.0,4.7,4.3,3.9
2026-06-04,NYY,CLE,3.0,2.0,1.0,6.6,6.0,6.3,3.8,4.75,3.8,4.6,5.8,3.4,5.1,4.35,3.85
2026-06-05,NYY,BOS,8.0,3.0,5.0,5.4,5.8,6.3,3.5,4.7,3.65,6.0,3.6,5.4,4.5,4.25,3.9
2026-06-07,NYY,BOS,7.0,6.0,1.0,5.2,5.6,6.4,4.0,4.75,3.75,5.2,4.0,5.4,4.2,4.45,3.95
2026-06-16,NYY,CHW,14.0,12.0,2.0,5.4,3.6,4.6,3.9,5.1,3.35,4.4,4.6,5.2,4.9,5.4,4.2
2026-06-17,NYY,CHW,15.0,10.0,5.0,7.2,3.6,5.4,3.2,5.65,3.35,3.8,5.2,4.8,5.2,5.4,4.75
2026-06-18,NYY,CHW,6.0,1.0,5.0,7.6,3.8,6.0,3.2,6.15,3.5,4.4,7.0,4.9,5.6,5.45,5.0
2026-06-19,NYY,CIN,5.0,5.0,0.0,6.8,3.2,5.9,3.6,6.1,3.55,4.6,3.6,3.9,4.5,3.7,5.1
2026-06-20,NYY,CIN,12.0,2.0,10.0,7.2,3.0,6.1,3.1,6.25,3.55,4.2,4.4,3.4,4.4,3.65,4.95
2026-06-21,NYY,CIN,5.0,1.0,4.0,6.0,4.4,5.7,4.0,6.15,3.9,5.6,3.8,4.1,4.1,3.8,4.95
2026-06-29,NYY,DET,10.0,3.0,7.0,2.6,4.2,2.5,4.5,4.25,3.85,4.0,3.6,3.7,3.3,4.65,3.25
2026-06-30,NYY,DET,12.0,3.0,9.0,2.4,5.0,2.7,4.7,4.3,4.15,4.8,3.4,4.2,3.2,4.65,3.3
2026-04-28,PHI,SFG,7.0,7.0,0.0,2.4,6.0,2.1,6.7,3.2,5.35,3.8,3.4,3.8,3.4,3.45,4.05
2026-04-30,PHI,SFG,5.0,3.0,2.0,3.6,5.0,2.4,5.7,3.05,5.3,3.2,4.8,3.5,3.3,3.3,3.9
2026-05-05,PHI,ATH,10.0,9.0,1.0,3.4,2.6,3.5,3.8,3.45,4.95,5.8,5.6,5.1,4.1,4.7,4.5
2026-05-06,PHI,ATH,9.0,6.0,3.0,4.6,2.4,4.0,3.2,3.7,4.75,5.0,7.0,4.7,4.8,4.55,4.95
2026-05-07,PHI,ATH,13.0,1.0,12.0,4.6,2.0,4.4,2.8,3.8,4.75,4.4,7.6,4.6,4.9,4.15,4.95
2026-05-09,PHI,COL,12.0,9.0,3.0,4.8,3.6,4.2,3.5,3.7,5.15,4.0,7.2,4.8,5.9,4.55,5.35
2026-05-10,PHI,COL,6.0,6.0,0.0,5.2,3.8,4.9,3.2,3.5,4.95,4.4,7.2,4.8,6.8,4.55,5.7
2026-05-18,PHI,CIN,9.0,5.0,4.0,3.6,1.0,4.9,2.4,4.2,3.1,6.6,6.8,4.8,5.8,4.65,6.4
2026-05-19,PHI,CIN,5.0,1.0,4.0,4.2,1.6,4.5,2.7,4.25,2.95,6.6,5.8,4.8,5.8,4.8,6.35
2026-05-20,PHI,CIN,13.0,4.0,9.0,4.2,1.8,4.0,2.8,4.2,2.8,4.4,5.8,4.9,5.1,4.55,6.0
2026-05-22,PHI,CLE,1.0,0.0,1.0,4.4,3.4,4.3,2.5,4.25,3.0,6.4,2.6,5.6,3.1,5.2,3.6
2026-05-23,PHI,CLE,3.0,3.0,0.0,3.2,3.6,3.4,2.3,4.15,2.75,5.2,1.8,5.3,2.6,5.25,3.55
2026-05-24,PHI,CLE,4.0,1.0,3.0,2.6,3.6,3.1,2.3,3.95,2.75,3.2,1.8,4.6,2.7,5.1,3.65
2026-06-02,PHI,SDP,5.0,3.0,2.0,2.8,3.8,2.5,3.2,3.25,3.0,3.2,5.0,2.7,4.0,3.05,3.7
2026-06-03,PHI,SDP,5.0,3.0,2.0,2.6,3.6,2.4,2.5,3.35,2.5,3.0,4.8,2.9,3.9,3.15,3.55
2026-06-04,PHI,SDP,10.0,6.0,4.0,2.6,4.0,2.7,2.6,3.05,2.45,3.4,4.8,2.4,3.9,3.05,3.6
2026-06-05,PHI,CHW,14.0,8.0,6.0,3.4,4.0,3.0,3.0,3.05,2.65,5.4,3.4,5.9,4.0,5.4,4.1
2026-06-06,PHI,CHW,9.0,3.0,6.0,4.2,4.6,3.7,3.3,3.35,2.9,5.2,4.8,6.2,3.8,5.6,4.45
2026-06-07,PHI,CHW,14.0,9.0,5.0,4.6,4.0,3.7,3.9,3.45,3.05,6.0,5.2,6.3,3.3,5.6,4.35
2026-06-15,PHI,MIA,7.0,7.0,0.0,3.6,5.0,4.9,4.8,3.8,3.7,4.8,1.6,4.6,2.5,4.1,3.05
2026-06-16,PHI,MIA,10.0,8.0,2.0,4.6,4.4,5.0,4.4,4.0,3.7,3.2,3.0,4.2,3.1,4.0,3.35
2026-06-17,PHI,MIA,16.0,4.0,12.0,4.8,4.0,5.0,4.0,4.35,3.65,3.2,4.6,4.4,3.3,3.9,3.7
2026-06-18,PHI,NYM,10.0,4.0,6.0,5.6,5.2,5.1,4.6,4.4,4.25,4.2,4.4,4.2,5.0,4.15,4.2
2026-06-20,PHI,NYM,18.0,15.0,3.0,4.6,4.8,4.6,4.7,4.4,4.4,5.2,4.6,4.1,5.1,4.45,4.2
2026-06-21,PHI,NYM,8.0,6.0,2.0,7.6,4.6,5.6,4.8,5.0,4.55,4.2,7.4,4.4,5.9,4.5,4.6
2026-06-29,PHI,PIT,18.0,7.0,11.0,4.8,4.0,6.4,4.4,5.75,4.5,7.2,4.2,6.2,4.0,5.05,5.35
2026-06-30,PHI,PIT,8.0,8.0,0.0,5.2,5.4,6.7,4.9,5.65,4.8,7.2,5.4,6.1,4.3,5.45,5.4
2026-07-01,PHI,PIT,16.0,10.0,6.0,4.8,4.4,6.0,4.6,5.8,4.7,6.2,6.8,5.8,4.7,5.35,5.65
2026-04-27,PIT,STL,6.0,2.0,4.0,3.2,4.0,4.9,3.4,4.9,3.45,3.8,4.8,4.6,5.0,4.05,5.0
2026-04-28,PIT,STL,18.0,7.0,11.0,3.4,3.8,3.5,3.3,4.6,3.5,3.6,4.6,4.7,4.3,4.15,4.9
2026-04-29,PIT,STL,9.0,4.0,5.0,3.2,5.2,3.8,3.9,4.55,3.9,5.6,5.2,5.3,4.7,4.55,5.25
2026-04-30,PIT,STL,15.0,5.0,10.0,3.8,5.0,4.0,4.4,4.5,3.95,6.2,5.4,4.9,4.7,4.8,5.25
2026-05-01,PIT,CIN,10.0,9.0,1.0,3.6,7.0,4.0,5.3,4.6,4.35,5.4,5.8,6.0,5.4,4.7,4.95
2026-05-02,PIT,CIN,24.0,17.0,7.0,5.4,6.2,4.3,5.1,4.65,4.3,3.8,7.2,5.6,5.9,4.65,5.4
2026-05-03,PIT,CIN,1.0,1.0,0.0,8.4,6.8,5.9,5.3,5.5,4.4,4.6,9.0,5.7,7.5,4.8,5.9
2026-05-12,PIT,COL,4.0,3.0,1.0,4.0,3.8,5.6,4.2,4.7,4.05,3.2,6.2,4.6,6.7,4.5,5.65
2026-05-13,PIT,COL,14.0,4.0,10.0,4.6,2.2,5.5,3.8,4.75,4.1,3.0,6.0,3.4,6.8,4.35,5.65
2026-05-14,PIT,COL,9.0,7.0,2.0,5.2,4.2,5.4,3.8,4.7,4.55,4.0,4.8,4.0,6.6,4.4,5.55
2026-05-16,PIT,PHI,6.0,0.0,6.0,5.8,4.2,5.2,3.9,4.75,4.5,4.2,1.6,4.5,2.6,3.75,3.55
2026-05-17,PIT,PHI,6.0,0.0,6.0,5.4,4.4,3.5,3.8,4.7,4.55,3.6,1.0,4.4,2.4,3.95,3.35
2026-05-25,PIT,CHC,3.0,2.0,1.0,4.2,2.8,3.5,3.9,4.55,4.05,1.8,5.0,2.8,5.1,3.55,4.3
2026-05-26,PIT,CHC,13.0,12.0,1.0,3.2,3.0,3.4,3.9,4.45,3.85,1.6,4.4,2.8,4.9,3.35,4.2
2026-05-27,PIT,CHC,14.0,4.0,10.0,4.4,2.8,4.2,3.0,4.8,3.4,1.8,5.8,2.7,6.1,3.1,4.55
2026-05-28,PIT,CHC,9.0,2.0,7.0,4.8,3.6,3.9,3.8,4.55,3.85,3.4,5.8,2.7,6.0,3.5,4.75
2026-05-29,PIT,MIN,11.0,6.0,5.0,4.8,4.0,4.1,3.9,3.8,3.85,3.0,6.2,3.9,4.7,4.3,4.85
2026-05-30,PIT,MIN,19.0,10.0,9.0,5.2,4.8,4.7,3.8,4.05,4.1,3.2,7.0,3.9,4.9,4.0,5.0
2026-05-31,PIT,MIN,12.0,9.0,3.0,6.8,6.4,5.0,4.7,4.55,4.1,3.8,8.0,4.2,5.6,4.35,4.75
2026-06-09,PIT,LAD,15.0,3.0,12.0,4.4,5.4,5.9,5.7,4.9,4.75,4.8,3.6,4.7,3.4,5.35,2.95
2026-06-10,PIT,LAD,17.0,9.0,8.0,3.2,5.6,6.0,6.2,5.05,5.05,5.8,4.2,5.5,3.5,5.45,3.05
2026-06-11,PIT,LAD,14.0,6.0,8.0,4.0,7.0,6.3,6.5,5.5,5.15,7.0,5.4,6.0,4.0,5.85,3.45
2026-06-12,PIT,MIA,11.0,3.0,8.0,4.6,7.4,5.9,6.4,5.45,5.55,5.6,2.0,4.7,3.3,3.8,3.95
2026-06-13,PIT,MIA,5.0,3.0,2.0,4.6,7.8,5.3,6.9,5.3,5.85,6.4,2.0,5.4,2.6,4.0,3.7
2026-06-14,PIT,MIA,6.0,2.0,4.0,4.8,7.6,4.6,6.5,5.35,5.65,6.0,2.4,4.9,2.6,4.05,3.4
2026-06-23,PIT,SEA,5.0,2.0,3.0,6.0,4.2,4.6,5.4,5.45,5.95,2.4,3.4,3.4,4.5,4.0,4.0
2026-06-24,PIT,SEA,12.0,11.0,1.0,5.2,3.8,4.2,4.9,5.05,5.65,2.4,2.8,3.2,4.0,3.95,4.05
2026-06-25,PIT,SEA,6.0,5.0,1.0,5.0,3.2,5.0,4.2,5.15,5.55,2.0,5.0,2.3,4.9,3.55,4.55
2026-06-26,PIT,CIN,10.0,4.0,6.0,5.4,2.6,5.2,4.1,4.9,5.3,3.8,3.2,4.2,3.4,3.65,4.7
2026-06-27,PIT,CIN,16.0,7.0,9.0,6.0,3.4,5.4,4.3,4.65,5.05,5.0,3.0,4.6,3.7,3.85,4.65
2026-06-28,PIT,CIN,13.0,9.0,4.0,5.8,4.0,5.9,4.1,4.75,5.45,4.8,4.0,5.2,3.9,4.0,4.8
2026-04-27,SDP,CHC,16.0,9.0,7.0,5.4,6.4,4.5,5.0,4.85,4.1,4.8,5.6,6.6,4.1,5.6,4.2
2026-04-28,SDP,CHC,11.0,3.0,8.0,7.0,7.8,4.7,5.1,5.2,4.2,4.8,6.6,6.3,4.6,5.65,4.55
2026-04-29,SDP,CHC,9.0,4.0,5.0,7.0,7.8,4.5,5.7,5.2,4.5,5.0,6.8,6.0,4.7,6.0,4.5
2026-05-01,SDP,CHW,10.0,2.0,8.0,5.8,7.2,4.9,5.4,5.0,4.45,5.8,5.0,6.2,4.9,4.5,4.0
2026-05-02,SDP,CHW,4.0,0.0,4.0,5.0,8.0,4.7,6.1,4.85,4.85,6.0,3.2,6.7,4.3,4.6,3.95
2026-05-03,SDP,CHW,7.0,4.0,3.0,3.6,6.4,4.5,6.4,4.8,4.7,6.0,3.0,6.8,3.8,4.65,3.95
2026-05-07,SDP,STL,3.0,1.0,2.0,4.2,3.2,4.6,5.6,4.4,4.75,3.8,3.4,5.1,3.8,4.9,4.7
2026-05-08,SDP,STL,6.0,0.0,6.0,4.4,2.8,4.0,4.6,4.25,4.8,2.8,3.2,5.1,3.6,4.85,4.3
2026-05-09,SDP,STL,6.0,4.0,2.0,3.6,3.4,3.1,4.5,3.9,4.8,3.4,2.8,5.3,3.4,5.0,3.85
2026-05-18,SDP,LAD,1.0,1.0,0.0,4.2,3.0,3.5,3.2,4.1,4.55,8.0,1.0,5.2,3.5,4.75,3.1
2026-05-19,SDP,LAD,9.0,4.0,5.0,3.8,2.8,3.1,3.1,3.85,4.35,7.2,1.2,4.9,3.5,4.45,3.15
2026-05-20,SDP,LAD,4.0,0.0,4.0,4.4,2.4,3.4,3.4,3.7,4.0,7.2,1.6,5.2,3.2,4.45,3.15
2026-05-22,SDP,ATH,10.0,7.0,3.0,4.0,3.2,3.4,3.2,3.25,3.85,5.0,5.2,4.6,4.3,4.85,4.55
2026-05-23,SDP,ATH,2.0,2.0,0.0,4.0,3.0,3.7,3.3,3.45,3.6,4.6,6.2,4.3,4.8,4.9,4.85
2026-05-24,SDP,ATH,7.0,2.0,5.0,2.8,2.4,3.5,2.7,3.35,3.35,3.8,5.4,4.2,4.8,4.65,4.85
2026-05-25,SDP,PHI,3.0,0.0,3.0,3.0,3.4,3.4,3.1,3.35,3.2,1.8,3.4,3.0,2.5,3.85,2.8
2026-05-26,SDP,PHI,7.0,3.0,4.0,2.2,3.0,3.3,2.7,3.35,3.15,2.2,2.6,3.2,2.2,3.7,2.55
2026-05-27,SDP,PHI,3.0,0.0,3.0,2.8,3.0,3.4,3.1,3.3,3.2,2.2,1.4,3.3,2.4,3.9,2.5
2026-06-05,SDP,NYM,5.0,0.0,5.0,2.8,5.0,2.6,4.5,3.05,3.6,6.0,2.6,3.6,3.7,3.95,4.1
2026-06-06,SDP,NYM,5.0,3.0,2.0,2.0,4.2,2.4,4.5,2.9,3.8,6.2,2.2,4.0,3.5,4.1,3.8
2026-06-07,SDP,NYM,10.0,3.0,7.0,2.2,3.8,2.7,4.4,3.0,3.55,5.4,2.6,4.1,3.4,4.15,3.85
2026-06-08,SDP,CIN,8.0,6.0,2.0,2.4,4.6,2.7,4.7,3.05,3.9,3.0,7.0,3.5,5.8,4.65,5.6
2026-06-10,SDP,CIN,9.0,5.0,4.0,3.2,4.4,3.3,4.6,3.0,3.8,3.0,6.4,3.0,6.2,4.55,5.4
2026-06-22,SDP,ATL,1.0,1.0,0.0,3.6,4.0,4.6,3.8,3.65,4.25,3.6,5.6,3.1,4.8,4.15,4.4
2026-06-24,SDP,ATL,7.0,5.0,2.0,3.8,3.4,4.1,3.6,3.7,4.1,3.2,4.4,2.8,4.7,4.15,4.05
2026-06-26,SDP,LAD,8.0,7.0,1.0,4.4,3.2,4.1,3.4,3.6,3.95,4.2,4.4,4.1,4.0,5.1,4.25
2026-06-27,SDP,LAD,18.0,3.0,15.0,4.6,3.2,4.5,2.8,3.75,3.55,4.0,5.2,3.8,4.1,4.8,4.6
2026-06-28,SDP,LAD,6.0,2.0,4.0,3.8,4.4,3.9,4.0,3.8,4.1,6.8,3.4,4.9,4.1,5.45,4.6
2026-04-21,SEA,ATH,7.0,2.0,5.0,3.6,4.2,4.5,4.2,3.75,3.45,4.8,6.8,4.3,4.9,3.55,4.5
2026-04-22,SEA,ATH,9.0,5.0,4.0,3.6,4.2,3.9,4.0,3.6,3.65,4.6,6.2,4.4,5.1,3.7,4.45
2026-05-01,SEA,KCR,13.0,6.0,7.0,6.0,5.2,4.9,4.5,4.7,4.4,5.8,4.6,5.0,6.2,3.65,4.8
2026-05-03,SEA,KCR,5.0,1.0,4.0,5.0,4.8,5.0,5.0,5.0,4.6,6.0,4.2,4.8,5.8,3.75,4.7
2026-05-04,SEA,ATL,9.0,5.0,4.0,4.6,5.2,4.7,4.8,4.6,4.5,6.8,4.2,6.5,3.6,6.15,3.95
2026-05-05,SEA,ATL,5.0,2.0,3.0,4.8,3.8,5.0,4.7,4.45,4.35,6.8,4.6,6.1,3.5,6.35,3.9
2026-05-06,SEA,ATL,4.0,3.0,1.0,3.8,4.2,4.7,4.6,4.25,4.45,7.0,4.0,5.7,3.5,5.85,3.95
2026-05-15,SEA,SDP,2.0,0.0,2.0,4.6,2.8,4.6,3.4,4.8,4.2,2.4,4.4,3.4,3.6,3.95,5.0
2026-05-16,SEA,SDP,11.0,4.0,7.0,4.4,2.0,4.5,3.2,4.6,4.0,2.8,3.2,3.2,3.3,4.0,5.0
2026-05-17,SEA,SDP,11.0,3.0,8.0,5.0,3.0,4.4,3.5,4.7,4.1,3.4,3.6,3.7,3.4,4.2,4.8
2026-05-18,SEA,CHW,7.0,6.0,1.0,5.0,4.4,4.5,4.0,4.6,4.3,6.2,5.0,5.2,5.1,5.65,4.35
2026-05-19,SEA,CHW,3.0,1.0,2.0,4.2,4.2,4.8,4.0,4.75,4.25,5.2,5.2,5.0,5.3,5.15,4.4
2026-05-20,SEA,CHW,9.0,5.0,4.0,2.8,4.0,3.7,3.4,4.25,3.9,4.4,4.4,5.0,4.6,4.9,3.9
2026-05-30,SEA,ARI,6.0,5.0,1.0,5.6,3.4,4.5,3.2,4.45,3.35,6.0,2.8,5.7,2.6,4.75,2.85
2026-06-02,SEA,NYM,11.0,8.0,3.0,6.6,2.6,4.7,2.5,4.6,3.25,4.8,3.6,3.2,3.7,4.15,4.0
2026-06-03,SEA,NYM,8.0,1.0,7.0,7.0,1.6,4.9,2.7,4.85,3.35,5.0,3.8,3.1,3.7,4.1,4.3
2026-06-16,SEA,BAL,4.0,3.0,1.0,4.2,6.8,3.9,5.6,4.4,4.15,5.2,4.8,5.8,4.7,5.35,4.25
2026-06-17,SEA,BAL,8.0,3.0,5.0,4.4,5.6,4.1,5.0,4.5,4.1,4.0,5.0,5.1,4.8,5.15,4.25
2026-06-18,SEA,BAL,3.0,3.0,0.0,4.0,5.2,4.1,4.8,4.4,4.15,3.6,4.6,4.3,4.8,5.35,4.2
2026-06-19,SEA,BOS,8.0,2.0,6.0,2.6,4.8,4.0,4.8,4.45,4.15,2.8,4.4,3.4,4.3,4.4,4.25
2026-06-20,SEA,BOS,6.0,1.0,5.0,2.4,4.4,3.8,4.9,4.55,4.2,2.8,4.2,3.9,3.9,4.4,4.0
2026-06-21,SEA,BOS,4.0,3.0,1.0,2.4,3.4,3.3,5.1,4.3,4.05,3.0,3.2,4.3,3.7,4.25,4.05
2026-06-29,SEA,LAA,8.0,6.0,2.0,2.6,5.4,2.5,4.1,3.3,4.45,3.6,3.8,4.2,3.9,4.9,4.1
2026-06-30,SEA,LAA,11.0,8.0,3.0,3.6,3.6,2.8,4.3,3.4,4.55,3.8,3.8,3.7,4.5,4.9,4.0
2026-04-21,SFG,LAD,4.0,3.0,1.0,3.4,3.6,3.8,3.3,3.4,4.15,7.2,3.8,5.8,3.5,6.0,3.5
2026-04-22,SFG,LAD,3.0,3.0,0.0,3.8,3.4,3.5,3.4,3.55,4.05,5.8,4.0,5.1,3.1,5.9,3.55
2026-04-23,SFG,LAD,3.0,0.0,3.0,3.8,1.8,3.3,3.4,3.65,3.9,4.4,4.4,4.5,3.1,5.8,3.5
2026-04-24,SFG,MIA,13.0,4.0,9.0,3.2,2.4,2.7,3.4,3.5,3.95,3.8,3.4,4.0,4.7,4.7,4.5
2026-04-25,SFG,MIA,8.0,6.0,2.0,2.0,3.2,2.9,3.7,3.25,4.25,5.2,3.2,4.8,4.5,4.95,4.25
2026-04-26,SFG,MIA,9.0,6.0,3.0,3.2,3.0,3.3,3.3,3.5,4.0,4.6,3.8,4.8,4.3,4.6,4.45
2026-05-04,SFG,SDP,5.0,3.0,2.0,1.8,4.2,2.5,3.6,3.15,3.45,2.6,5.6,4.8,6.7,4.6,4.75
2026-05-05,SFG,SDP,15.0,5.0,10.0,1.2,4.0,2.5,3.7,3.0,3.55,2.4,4.6,4.7,6.2,4.45,4.8
2026-05-06,SFG,SDP,6.0,1.0,5.0,2.2,4.6,2.7,4.7,3.0,4.05,3.6,4.6,4.7,5.9,4.5,4.8
2026-05-08,SFG,PIT,7.0,5.0,2.0,2.0,5.0,2.8,4.9,2.75,4.15,4.6,3.6,5.0,4.9,4.95,4.15
2026-05-09,SFG,PIT,16.0,3.0,13.0,3.0,4.8,2.9,4.2,2.9,3.95,1.6,3.2,5.0,5.0,4.25,4.15
2026-05-22,SFG,CHW,13.0,4.0,9.0,4.8,5.6,4.3,4.7,3.45,5.0,4.0,5.0,4.6,3.9,4.9,4.1
2026-05-23,SFG,CHW,13.0,10.0,3.0,4.4,6.6,3.8,5.3,3.35,5.3,4.8,3.8,4.9,4.2,5.1,4.1
2026-05-24,SFG,CHW,13.0,8.0,5.0,4.4,7.0,4.2,5.4,3.85,5.1,3.8,5.2,5.0,5.1,4.85,4.25
2026-05-25,SFG,ARI,8.0,2.0,6.0,5.6,5.6,5.0,5.5,4.15,5.2,4.8,2.4,6.0,2.8,4.6,2.9
2026-05-26,SFG,ARI,12.0,5.0,7.0,5.4,5.8,5.0,5.6,4.25,5.35,4.8,2.2,5.7,2.9,4.9,2.9
2026-05-27,SFG,ARI,5.0,2.0,3.0,5.8,6.0,5.3,5.8,4.45,5.45,5.8,3.0,6.2,3.0,5.05,2.75
2026-06-08,SFG,WSN,7.0,3.0,4.0,7.2,7.2,7.1,6.8,6.05,6.2,5.0,3.6,4.8,4.1,5.25,3.55
2026-06-09,SFG,WSN,9.0,3.0,6.0,7.4,4.8,6.9,6.5,6.1,6.15,5.2,2.8,5.0,4.1,5.3,3.6
2026-06-10,SFG,WSN,21.0,11.0,10.0,7.4,4.4,7.0,6.8,5.95,6.25,6.2,2.6,5.1,3.7,4.95,3.6
2026-06-12,SFG,CHC,6.0,1.0,5.0,9.4,6.4,7.5,7.0,6.0,6.7,4.8,7.4,4.4,5.3,3.55,5.65
2026-06-13,SFG,CHC,7.0,1.0,6.0,7.2,5.6,7.3,6.7,5.95,6.35,4.4,6.4,4.2,5.2,3.65,5.3
2026-06-14,SFG,CHC,6.0,5.0,1.0,3.8,6.2,5.5,6.7,5.85,6.4,5.0,3.0,4.3,4.7,3.8,4.9
2026-06-23,SFG,ATH,4.0,3.0,1.0,4.2,3.8,4.2,4.7,5.55,5.6,4.2,6.8,5.8,7.1,4.9,6.8
2026-06-24,SFG,ATH,3.0,2.0,1.0,3.4,3.6,4.2,4.2,5.6,5.5,3.4,6.2,5.5,7.1,4.9,6.5
2026-06-25,SFG,ATH,15.0,6.0,9.0,2.4,2.8,3.3,3.3,5.4,5.15,2.8,4.2,5.0,6.9,4.85,6.2
2026-06-26,SFG,ATL,4.0,1.0,3.0,3.0,3.8,3.8,3.7,5.55,5.2,2.6,4.0,2.9,5.0,3.75,4.2
2026-06-27,SFG,ATL,5.0,5.0,0.0,2.6,3.2,3.8,3.4,4.65,5.05,2.6,3.8,2.7,4.4,3.5,4.1
2026-06-28,SFG,ATL,5.0,3.0,2.0,3.4,2.8,3.8,3.3,4.8,4.25,1.8,4.2,2.4,4.8,3.25,4.25
2026-04-25,STL,SEA,20.0,9.0,11.0,3.6,4.0,3.9,5.2,4.3,5.2,3.8,3.8,3.5,4.3,3.5,3.9
2026-04-26,STL,SEA,5.0,2.0,3.0,4.0,5.2,4.7,5.6,4.3,5.4,5.0,5.2,4.5,4.8,4.05,4.1
2026-05-01,STL,LAD,9.0,7.0,2.0,6.4,4.2,5.2,4.7,5.0,4.95,5.2,2.6,4.6,2.8,4.75,3.2
2026-05-02,STL,LAD,5.0,3.0,2.0,7.4,4.0,5.6,4.4,5.1,4.9,3.2,3.2,3.6,3.2,4.7,3.35
2026-05-03,STL,LAD,5.0,1.0,4.0,7.2,4.0,5.4,4.3,4.95,4.55,2.4,3.8,3.7,3.2,4.4,3.15
2026-05-04,STL,MIL,9.0,6.0,3.0,5.2,3.4,5.4,4.3,4.7,4.7,5.4,2.4,5.1,3.0,4.35,3.45
2026-05-06,STL,MIL,8.0,2.0,6.0,5.4,3.2,5.8,4.3,4.85,4.75,5.6,2.4,5.2,3.1,4.4,3.6
2026-05-16,STL,KCR,6.0,4.0,2.0,4.2,3.6,3.5,3.4,4.55,3.9,4.0,5.0,4.1,4.4,4.55,4.95
2026-05-17,STL,KCR,2.0,0.0,2.0,3.8,4.0,3.6,3.4,4.5,3.85,3.4,5.6,3.7,4.6,4.45,4.5
2026-05-20,STL,PIT,7.0,0.0,7.0,3.4,3.6,3.5,3.2,4.45,3.75,2.8,5.0,3.4,4.4,4.3,4.65
2026-05-21,STL,PIT,8.0,2.0,6.0,2.2,4.2,2.9,3.6,4.35,3.95,3.6,4.8,4.1,3.5,4.6,4.35
2026-05-29,STL,CHC,11.0,6.0,5.0,2.4,4.0,2.3,4.1,3.4,3.6,4.8,5.6,3.1,5.4,3.45,4.65
2026-05-30,STL,CHC,7.0,1.0,6.0,3.2,3.8,2.7,4.0,3.2,3.6,4.8,5.2,3.3,5.1,3.45,4.75
2026-05-31,STL,CHC,6.0,5.0,1.0,1.8,4.8,2.3,4.2,2.9,3.8,5.8,5.0,3.7,4.7,3.35,4.65
2026-06-01,STL,TEX,3.0,1.0,2.0,2.6,4.0,2.4,4.1,3.0,3.75,5.2,3.8,4.5,5.1,4.55,3.9
2026-06-02,STL,TEX,11.0,4.0,7.0,2.8,3.2,2.5,4.1,3.0,3.65,5.0,3.2,4.1,4.3,4.5,3.95
2026-06-03,STL,TEX,8.0,5.0,3.0,3.4,4.2,2.9,4.1,2.9,3.85,6.2,3.0,4.6,4.2,4.85,4.1
2026-06-05,STL,CIN,13.0,10.0,3.0,3.2,3.8,3.2,3.8,3.05,3.7,3.0,6.2,4.1,5.1,4.5,5.1
2026-06-06,STL,CIN,11.0,6.0,5.0,5.0,3.2,3.4,4.0,3.45,3.8,3.0,6.6,3.5,5.7,4.65,5.1
2026-06-07,STL,CIN,8.0,5.0,3.0,5.2,4.0,3.9,4.0,3.45,4.05,3.6,6.8,3.9,5.5,4.75,5.35
2026-06-15,STL,SDP,3.0,3.0,0.0,6.8,5.4,6.7,4.1,4.8,4.1,5.6,3.6,4.0,4.1,3.45,4.0
2026-06-16,STL,SDP,5.0,3.0,2.0,5.6,5.0,6.5,3.8,4.85,3.8,4.4,3.8,3.8,4.1,3.1,4.0
2026-06-17,STL,SDP,7.0,1.0,6.0,5.4,4.4,5.8,3.7,4.6,3.85,3.8,3.6,3.6,3.8,3.1,4.15
2026-06-22,STL,ARI,5.0,3.0,2.0,5.4,7.6,5.5,6.3,5.4,4.75,5.4,6.6,4.2,4.5,3.4,5.25
2026-06-23,STL,ARI,7.0,3.0,4.0,5.4,7.6,5.4,6.0,5.5,4.55,5.8,5.8,4.4,4.6,3.45,5.15
2026-06-24,STL,ARI,13.0,4.0,9.0,5.8,7.2,4.9,5.5,5.4,4.7,5.0,6.2,4.3,4.7,3.45,5.25
2026-06-26,STL,MIA,4.0,0.0,4.0,5.4,6.2,4.4,5.8,5.55,5.05,4.2,2.8,4.3,3.8,4.6,3.2
2026-06-27,STL,MIA,6.0,1.0,5.0,4.4,5.8,4.0,5.7,5.35,4.9,3.8,2.2,4.3,3.6,4.45,3.05
2026-06-28,STL,MIA,3.0,2.0,1.0,2.2,4.8,3.8,6.2,5.15,5.0,4.4,2.2,4.8,3.0,4.5,3.05
2026-04-24,TBR,MIN,8.0,6.0,2.0,3.4,6.0,4.8,4.8,4.7,5.5,4.0,4.6,5.9,4.4,5.55,4.7
2026-04-25,TBR,MIN,7.0,6.0,1.0,4.4,5.4,4.9,4.7,4.65,5.15,4.2,5.4,5.4,4.6,5.6,4.85
2026-04-26,TBR,MIN,6.0,4.0,2.0,5.0,4.4,5.0,4.4,4.4,4.85,3.6,5.6,4.7,5.0,5.2,4.5
2026-05-01,TBR,SFG,3.0,3.0,0.0,3.0,1.6,3.7,3.5,4.3,3.9,3.6,4.8,3.4,3.6,3.4,3.6
2026-05-02,TBR,SFG,6.0,5.0,1.0,2.4,1.4,3.7,2.9,4.1,3.85,2.8,3.6,2.4,3.4,3.3,3.5
2026-05-04,TBR,TOR,6.0,5.0,1.0,2.6,1.2,4.1,2.4,4.05,3.7,6.0,3.8,4.8,3.7,4.15,4.15
2026-05-05,TBR,TOR,7.0,4.0,3.0,3.0,1.0,4.0,1.3,4.2,3.3,4.6,4.6,4.3,3.4,4.0,4.05
2026-05-06,TBR,TOR,3.0,3.0,0.0,3.6,1.6,3.8,1.5,4.3,3.15,5.0,4.0,4.1,3.5,4.05,3.85
2026-05-15,TBR,MIA,9.0,7.0,2.0,4.6,2.4,4.1,2.0,3.9,2.85,4.6,5.2,4.0,4.9,3.9,4.35
2026-05-17,TBR,MIA,9.0,6.0,3.0,5.4,2.8,4.7,1.9,4.2,2.7,3.4,5.2,4.2,5.5,3.8,4.65
2026-05-18,TBR,BAL,22.0,16.0,6.0,5.0,2.6,5.0,2.2,4.35,2.55,4.2,5.0,3.4,4.2,4.15,5.7
2026-05-19,TBR,BAL,5.0,4.0,1.0,8.2,3.4,6.1,2.7,5.1,2.55,5.0,7.0,3.7,5.4,4.3,6.25
2026-05-20,TBR,BAL,8.0,5.0,3.0,8.2,3.4,6.0,2.7,5.0,2.0,3.8,7.8,3.5,5.4,4.1,6.3
2026-05-29,TBR,LAA,13.0,8.0,5.0,2.4,4.8,5.3,4.1,4.35,2.8,4.8,2.8,4.4,6.0,3.45,5.4
2026-05-30,TBR,LAA,17.0,3.0,14.0,3.0,5.2,5.3,4.1,4.7,3.05,4.8,4.0,4.7,5.3,3.7,5.5
2026-05-31,TBR,LAA,7.0,5.0,2.0,2.8,7.6,4.9,5.3,4.8,3.6,7.2,4.4,6.0,4.6,4.2,5.5
2026-06-01,TBR,DET,19.0,9.0,10.0,3.8,7.6,4.8,5.2,4.9,3.7,2.6,5.2,2.8,4.6,2.65,5.25
2026-06-02,TBR,DET,8.0,0.0,8.0,5.4,8.4,4.1,5.6,5.1,4.15,3.4,5.0,3.5,5.1,3.0,5.2
2026-06-03,TBR,DET,9.0,2.0,7.0,5.0,7.8,3.7,6.3,4.85,4.5,4.2,5.0,4.2,4.8,3.4,5.0
2026-06-08,TBR,BOS,4.0,3.0,1.0,2.4,4.6,3.9,6.5,4.7,4.8,3.6,4.4,4.9,4.1,4.35,4.2
2026-06-09,TBR,BOS,7.0,4.0,3.0,3.0,3.2,4.0,5.5,4.65,4.8,3.4,4.2,4.2,4.4,4.35,4.2
2026-06-10,TBR,BOS,12.0,7.0,5.0,3.4,2.4,3.6,5.3,4.45,4.7,2.4,4.8,4.3,3.8,4.35,4.3
2026-06-19,TBR,WSN,7.0,5.0,2.0,3.0,4.2,3.3,3.8,3.6,5.25,6.6,3.4,5.6,4.9,5.45,4.4
2026-06-20,TBR,WSN,7.0,3.0,4.0,4.0,3.0,3.7,3.6,3.8,5.05,5.4,3.8,5.7,4.9,5.25,4.5
2026-06-21,TBR,WSN,7.0,4.0,3.0,3.0,3.2,3.7,3.9,3.85,4.7,4.2,4.2,5.7,4.9,5.35,4.5
2026-06-22,TBR,KCR,3.0,1.0,2.0,3.2,3.0,3.7,3.9,3.65,4.6,8.0,6.2,6.4,6.0,5.65,5.35
2026-06-23,TBR,KCR,17.0,5.0,12.0,3.4,3.2,3.1,3.6,3.55,4.0,7.6,5.2,6.4,5.7,5.7,4.95
2026-06-24,TBR,KCR,8.0,5.0,3.0,3.6,4.6,3.3,4.4,3.55,4.5,8.8,5.8,6.8,5.2,6.0,4.85
2026-06-25,TBR,KCR,15.0,13.0,2.0,3.6,4.8,3.8,3.9,3.35,4.15,6.6,5.6,6.4,4.9,6.0,4.8
2026-06-26,TBR,ARI,7.0,6.0,1.0,5.6,4.4,4.3,3.8,4.0,3.85,5.0,6.0,5.1,4.9,3.65,5.15
2026-06-27,TBR,ARI,6.0,4.0,2.0,6.0,4.0,4.6,3.5,4.2,3.55,3.6,4.0,4.7,5.2,3.7,5.1
2026-06-28,TBR,ARI,6.0,5.0,1.0,6.6,4.0,5.0,3.6,4.1,3.65,3.6,4.0,4.5,5.3,3.65,5.2
2026-04-24,TEX,ATH,9.0,1.0,8.0,4.0,4.4,4.8,3.7,3.9,3.65,4.2,5.4,3.7,5.0,3.8,4.45
2026-04-25,TEX,ATH,7.0,4.0,3.0,3.6,4.6,4.1,4.4,3.8,3.65,5.4,3.8,4.4,5.1,4.2,4.3
2026-04-26,TEX,ATH,3.0,1.0,2.0,4.0,4.2,4.4,4.5,3.85,3.55,5.2,3.2,4.6,4.7,4.1,4.4
2026-04-27,TEX,NYY,6.0,2.0,4.0,3.2,4.4,4.0,4.1,3.9,3.55,6.4,3.4,6.4,3.4,5.5,4.3
2026-04-28,TEX,NYY,5.0,2.0,3.0,2.8,3.6,3.3,3.9,3.95,3.65,6.4,3.6,6.4,2.5,5.25,4.05
2026-04-29,TEX,NYY,3.0,3.0,0.0,2.0,4.0,3.0,4.2,3.95,3.75,6.2,3.6,6.3,2.5,5.1,3.8
2026-05-08,TEX,CHC,8.0,1.0,7.0,2.8,5.8,2.7,4.2,3.55,4.35,5.8,3.2,5.3,5.0,6.45,4.6
2026-05-09,TEX,CHC,6.0,6.0,0.0,2.8,6.2,2.7,4.7,3.35,4.4,6.0,2.4,5.6,3.9,6.45,4.35
2026-05-10,TEX,CHC,3.0,3.0,0.0,3.8,4.8,3.1,4.3,3.2,4.1,5.6,3.6,5.6,3.9,6.1,4.0
2026-05-11,TEX,ARI,1.0,0.0,1.0,3.6,3.4,3.2,4.0,3.1,4.1,3.6,1.4,3.4,3.8,4.45,5.2
2026-05-12,TEX,ARI,11.0,7.0,4.0,2.4,3.4,2.9,4.1,2.95,3.8,2.0,1.4,2.9,3.6,4.3,5.05
2026-05-13,TEX,ARI,11.0,6.0,5.0,3.4,2.4,3.1,4.1,3.2,3.75,2.8,2.6,3.2,3.0,4.2,5.25
2026-05-25,TEX,HOU,9.0,0.0,9.0,4.8,4.0,4.5,3.8,3.8,3.95,3.6,2.4,3.0,3.5,2.9,4.15
2026-05-26,TEX,HOU,17.0,10.0,7.0,2.8,5.8,3.9,4.2,3.75,4.15,5.0,2.2,3.6,2.7,3.3,4.0
2026-05-27,TEX,HOU,7.0,3.0,4.0,3.8,6.4,4.9,4.7,4.2,4.15,6.2,3.4,4.1,3.7,3.35,4.35
2026-05-28,TEX,HOU,6.0,1.0,5.0,3.2,5.4,5.1,4.7,4.15,4.0,6.2,3.6,4.1,3.9,3.4,4.1
2026-05-29,TEX,KCR,10.0,9.0,1.0,3.0,5.4,4.4,5.2,3.9,4.2,3.4,6.4,2.4,4.8,3.05,4.7
2026-05-30,TEX,KCR,13.0,7.0,6.0,4.6,5.2,4.7,4.6,4.25,3.8,2.6,8.2,2.3,5.7,2.85,5.0
2026-05-31,TEX,KCR,9.0,6.0,3.0,6.0,4.6,4.4,5.2,4.55,3.75,2.2,8.4,2.8,6.1,3.1,5.2
2026-06-05,TEX,CLE,5.0,3.0,2.0,5.0,3.8,4.8,4.5,4.65,4.15,4.0,5.6,3.5,5.0,4.05,3.85
2026-06-06,TEX,CLE,6.0,0.0,6.0,4.2,3.0,5.1,3.8,4.5,4.0,4.2,4.4,3.4,5.2,4.0,3.9
2026-06-07,TEX,CLE,10.0,10.0,0.0,3.0,3.6,4.1,3.7,4.5,4.2,4.6,2.6,3.8,4.2,4.1,3.8
2026-06-15,TEX,MIN,6.0,2.0,4.0,3.4,5.4,4.0,4.4,4.05,4.35,5.2,7.2,4.8,6.6,4.55,6.9
2026-06-16,TEX,MIN,14.0,2.0,12.0,3.2,5.2,3.5,4.4,4.05,4.3,4.8,6.8,4.6,6.0,4.45,6.75
2026-06-18,TEX,MIN,12.0,3.0,9.0,2.8,7.2,3.4,5.1,4.1,4.8,7.2,5.0,5.3,5.9,5.0,6.7
2026-06-19,TEX,SDP,16.0,9.0,7.0,3.2,7.0,3.4,5.8,4.25,4.8,4.4,2.4,4.2,3.4,3.3,3.95
2026-06-21,TEX,SDP,7.0,4.0,3.0,4.4,7.2,4.3,5.9,4.2,4.8,4.0,3.6,4.6,4.1,3.65,4.25
2026-04-24,TOR,CLE,14.0,6.0,8.0,4.8,4.2,3.5,4.6,3.65,4.95,4.4,4.4,4.3,5.1,4.15,4.05
2026-04-25,TOR,CLE,8.0,5.0,3.0,5.6,4.6,3.7,4.7,3.8,5.25,5.2,5.2,5.0,4.4,4.5,4.15
2026-04-26,TOR,CLE,6.0,4.0,2.0,4.6,4.4,4.0,4.2,3.8,5.3,4.2,5.4,4.4,4.6,4.45,4.35
2026-04-27,TOR,BOS,5.0,0.0,5.0,4.4,4.4,4.3,4.2,3.75,4.7,5.6,4.4,4.8,4.7,4.7,4.7
2026-04-28,TOR,BOS,3.0,3.0,0.0,3.6,5.0,4.2,4.5,3.5,4.9,6.4,3.6,4.4,4.2,4.85,4.55
2026-04-29,TOR,BOS,9.0,8.0,1.0,3.6,3.6,4.2,3.9,3.5,4.6,6.0,3.4,4.3,4.1,4.55,4.3
2026-05-08,TOR,LAA,2.0,2.0,0.0,3.6,4.0,3.7,3.6,4.0,3.9,3.2,4.0,3.6,5.4,4.55,4.8
2026-05-09,TOR,LAA,15.0,14.0,1.0,1.8,3.2,3.9,3.1,4.05,3.8,2.6,3.6,2.9,5.3,4.1,4.6
2026-05-10,TOR,LAA,7.0,1.0,6.0,4.0,2.6,5.0,3.2,4.6,3.55,2.6,5.4,2.7,6.1,3.65,4.75
2026-05-11,TOR,TBR,13.0,5.0,8.0,4.0,2.8,4.3,3.7,4.55,3.55,3.8,2.0,3.4,1.5,3.75,2.75
2026-05-22,TOR,PIT,8.0,6.0,2.0,3.6,2.8,4.2,3.2,3.95,3.4,4.0,3.2,4.6,3.7,4.6,4.45
2026-05-23,TOR,PIT,7.0,5.0,2.0,4.0,3.0,4.6,3.4,4.25,3.25,3.0,4.0,4.4,4.1,4.7,4.5
2026-05-24,TOR,PIT,5.0,1.0,4.0,3.8,2.0,3.7,3.5,4.35,3.35,3.4,3.8,4.4,4.1,4.7,4.55
2026-05-25,TOR,MIA,10.0,2.0,8.0,3.2,1.8,3.7,3.3,4.0,3.5,2.8,4.0,3.6,5.0,3.85,4.85
2026-05-26,TOR,MIA,9.0,8.0,1.0,3.2,3.2,3.4,3.3,4.05,3.55,4.2,2.6,4.3,4.3,4.15,4.6
2026-05-27,TOR,MIA,3.0,2.0,1.0,4.4,3.4,4.0,3.1,4.1,3.45,3.8,2.4,4.2,4.4,4.2,4.95
2026-06-05,TOR,BAL,16.0,3.0,13.0,4.6,5.6,4.3,4.4,4.0,3.85,5.6,4.4,5.2,3.7,4.75,4.7
2026-06-06,TOR,BAL,10.0,6.0,4.0,4.2,7.0,4.4,4.9,3.9,4.1,7.0,4.0,6.4,3.6,5.3,4.55
2026-06-07,TOR,BAL,10.0,6.0,4.0,4.4,6.0,4.2,5.2,4.1,4.15,6.0,4.2,6.2,4.1,5.15,4.85
2026-06-08,TOR,PHI,7.0,2.0,5.0,5.0,6.0,4.6,5.5,4.2,4.3,5.8,4.6,4.2,4.1,3.75,3.25
2026-06-09,TOR,PHI,5.0,3.0,2.0,4.8,5.6,4.6,5.9,4.0,4.2,6.2,4.6,4.4,4.3,3.7,3.35
2026-06-10,TOR,PHI,11.0,4.0,7.0,4.0,5.6,4.3,5.6,3.95,4.05,5.4,4.4,4.4,4.2,3.5,3.5
2026-06-12,TOR,NYY,13.0,8.0,5.0,4.2,4.4,4.2,5.7,4.05,4.35,4.4,2.6,5.5,4.3,5.05,3.55
2026-06-13,TOR,NYY,4.0,1.0,3.0,4.6,4.6,4.5,5.3,4.35,4.6,5.0,4.0,5.2,4.9,5.15,3.65
2026-06-14,TOR,NYY,11.0,3.0,8.0,3.6,4.4,4.3,5.2,4.1,4.65,5.0,3.2,5.1,4.4,4.95,3.4
2026-06-22,TOR,HOU,6.0,4.0,2.0,4.6,5.2,4.2,5.1,4.4,5.5,4.0,3.2,4.2,5.4,4.8,4.7
2026-06-24,TOR,HOU,4.0,1.0,3.0,4.2,5.4,4.3,5.1,4.3,5.35,3.6,3.6,4.3,4.8,4.7,4.75
2026-06-25,TOR,TEX,11.0,5.0,6.0,3.8,6.0,4.0,4.7,4.1,5.2,4.6,4.6,3.9,5.8,3.9,4.8
2026-06-26,TOR,TEX,9.0,4.0,5.0,4.0,6.6,3.7,4.8,4.1,5.05,4.0,4.2,4.2,5.7,3.9,4.9
2026-06-27,TOR,TEX,11.0,4.0,7.0,4.4,4.4,4.0,5.0,4.15,5.1,4.2,4.4,4.1,5.7,4.05,5.05
2026-06-28,TOR,TEX,5.0,2.0,3.0,3.6,4.6,4.1,4.9,4.2,5.1,4.8,4.6,4.6,5.7,4.05,5.05
2026-06-29,TOR,NYM,3.0,2.0,1.0,3.2,4.8,3.7,5.1,3.95,5.15,3.8,5.8,4.5,6.4,4.0,5.8
2026-06-30,TOR,NYM,3.0,0.0,3.0,3.4,4.4,3.6,5.2,3.9,4.55,3.4,4.2,3.7,6.5,3.95,5.75
2026-07-01,TOR,NYM,12.0,9.0,3.0,2.4,3.8,3.2,5.2,3.6,4.5,3.0,2.2,3.4,6.1,3.75,5.6
2026-04-22,WSN,ATL,14.0,6.0,8.0,4.6,5.0,5.1,5.5,5.55,6.0,5.8,3.6,5.8,4.3,5.85,3.4
2026-04-23,WSN,ATL,9.0,2.0,7.0,5.8,6.2,5.0,6.0,5.35,6.2,5.6,4.8,6.6,4.3,6.05,3.7
2026-05-01,WSN,MIL,7.0,1.0,6.0,5.0,5.2,5.4,5.7,5.15,5.95,6.6,3.0,5.9,3.6,4.65,4.15
2026-05-02,WSN,MIL,5.0,1.0,4.0,4.8,5.0,5.0,5.3,4.95,5.75,7.8,2.0,6.0,3.5,4.85,3.8
2026-05-03,WSN,MIL,5.0,3.0,2.0,4.2,4.8,4.8,5.7,4.7,5.55,7.6,2.2,6.1,3.1,4.65,3.6
2026-05-05,WSN,MIN,14.0,3.0,11.0,4.8,3.6,4.7,5.0,4.4,5.35,4.2,5.4,3.8,5.4,4.85,4.9
2026-05-06,WSN,MIN,17.0,15.0,2.0,2.6,5.4,3.9,5.7,4.5,5.6,5.8,5.0,4.7,5.1,5.05,4.85
2026-05-07,WSN,MIN,12.0,7.0,5.0,4.6,5.0,4.8,5.1,4.9,5.55,4.8,7.8,4.8,6.0,4.75,5.5
2026-05-15,WSN,BAL,5.0,3.0,2.0,4.6,6.8,5.2,5.8,5.1,5.55,3.2,3.0,3.9,4.6,4.5,6.05
2026-05-16,WSN,BAL,16.0,13.0,3.0,4.6,6.8,5.4,5.6,5.1,5.65,3.2,2.4,4.0,3.7,4.2,5.9
2026-05-17,WSN,BAL,10.0,3.0,7.0,5.8,5.8,6.4,5.7,5.55,5.35,3.4,4.8,3.4,4.3,3.85,6.4
2026-05-19,WSN,NYM,15.0,9.0,6.0,6.0,6.2,6.4,5.3,5.15,5.5,5.6,3.8,5.0,3.5,4.4,4.1
2026-05-20,WSN,NYM,12.0,8.0,4.0,5.8,6.6,5.8,5.7,5.3,5.4,6.6,4.6,5.1,4.3,4.55,4.3
2026-05-21,WSN,NYM,3.0,1.0,2.0,7.2,4.4,5.9,5.6,5.6,5.25,5.4,5.8,5.1,4.9,4.6,4.6
2026-05-29,WSN,SDP,12.0,5.0,7.0,4.4,1.8,5.6,3.1,5.5,4.35,1.4,3.0,2.7,3.0,3.2,3.2
2026-05-30,WSN,SDP,13.0,9.0,4.0,5.0,3.2,4.8,3.5,5.6,4.6,2.4,4.0,2.6,3.2,3.05,3.2
2026-05-31,WSN,SDP,6.0,4.0,2.0,6.4,3.8,5.4,3.2,5.9,4.25,2.8,4.8,2.9,4.1,3.0,3.6
2026-06-01,WSN,MIA,10.0,3.0,7.0,5.2,3.8,4.9,2.8,5.35,4.25,2.4,5.6,2.6,4.8,3.6,4.9
2026-06-02,WSN,MIA,10.0,3.0,7.0,4.6,4.6,4.4,3.1,5.15,4.35,2.2,5.8,3.2,4.2,3.85,4.9
2026-06-03,WSN,MIA,5.0,1.0,4.0,4.8,5.4,4.6,3.6,5.15,4.6,3.4,4.8,3.6,3.6,3.8,4.7
2026-06-12,WSN,SEA,12.0,2.0,10.0,5.4,4.6,5.2,4.4,5.3,3.8,4.2,4.4,4.7,4.1,4.35,3.95
2026-06-13,WSN,SEA,11.0,8.0,3.0,4.6,6.4,5.0,5.2,4.95,4.0,5.4,4.8,4.8,4.2,4.65,3.7
2026-06-14,WSN,SEA,11.0,10.0,1.0,6.0,6.0,5.5,4.8,4.95,3.95,5.2,5.4,4.6,4.9,4.65,3.7
2026-06-15,WSN,KCR,10.0,7.0,3.0,7.2,5.6,6.2,4.2,5.4,3.9,5.2,5.0,5.1,4.5,4.35,5.15
2026-06-16,WSN,KCR,10.0,6.0,4.0,7.4,5.6,6.8,4.1,5.65,4.05,4.8,5.8,4.9,5.0,4.5,5.4
2026-06-17,WSN,KCR,8.0,2.0,6.0,6.6,4.2,6.0,4.4,5.85,4.2,5.2,6.2,4.5,5.0,4.45,5.7
2026-06-22,WSN,PHI,5.0,4.0,1.0,3.4,4.4,5.4,5.0,5.25,4.35,7.4,5.0,6.0,4.7,5.2,4.45
2026-06-23,WSN,PHI,23.0,9.0,14.0,3.0,3.8,4.8,4.0,5.0,4.2,6.0,5.4,5.4,4.7,5.05,4.5
2026-06-24,WSN,PHI,9.0,4.0,5.0,4.4,5.4,5.5,4.4,5.25,4.8,8.0,4.8,6.8,5.0,5.7,4.5
2026-06-25,WSN,PHI,15.0,5.0,10.0,4.8,5.4,5.1,4.6,5.3,4.7,8.2,4.4,6.4,4.6,5.8,4.6
